date,daily_peak_outage,daily_mean_outage,total_customers,daily_peak_outage_rate,invalid_rate_rows
2024-01-01,1388,294.75,1344930.0,0.0010320239715078108,0
2024-01-02,7262,316.5520833333333,1344930.0,0.005399537522398935,0
2024-01-03,2569,391.1666666666667,1344930.0,0.0019101365870342695,0
2024-01-04,2984,393.9894736842105,1344930.0,0.002218702832117657,0
2024-01-05,5138,549.3645833333334,1344930.0,0.003820273174068539,0
2024-01-06,313,96.96875,1344930.0,0.00023272586677373545,0
2024-01-07,297,86.09375,1344930.0,0.00022082933684280966,0
2024-01-08,27089,3474.3229166666665,1344930.0,0.020141568706178017,0
2024-01-09,17640,3334.90625,1344930.0,0.013115924248845666,0
2024-01-10,2987,507.84375,1344930.0,0.0022209334314797053,0
2024-01-11,3345,341.03125,1344930.0,0.0024871182886841694,0
2024-01-12,22064,1935.6979166666667,1344930.0,0.016405314774746643,0
2024-01-13,3343,209.23958333333334,1344930.0,0.0024856312224428036,0
2024-01-14,2289,303.1354166666667,1344930.0,0.0017019473132430685,0
2024-01-15,2922,685.5208333333334,1344930.0,0.0021726037786353194,0
2024-01-16,9897,1388.3854166666667,1344930.0,0.007358747295398273,0
2024-01-17,3297,690.2916666666666,1344930.0,0.002451428698891392,0
2024-01-18,694,223.15625,1344930.0,0.0005160119857539054,0
2024-01-19,647,196.58947368421053,1344930.0,0.00048106592908181097,0
2024-01-20,752,194.40625,1344930.0,0.0005591369067535114,0
2024-01-21,2055,156.59375,1344930.0,0.001527960563003279,0
2024-01-22,6257,1083.15625,1344930.0,0.00465228673611266,0
2024-01-23,4712,659.8421052631579,1344930.0,0.00350352806465764,0
2024-01-24,8817,1370.6979166666667,1344930.0,0.0065557315250607835,0
2024-01-25,2424,628.0104166666666,1344930.0,0.0018023242845352546,0
2024-01-26,1323,418.8229166666667,1344930.0,0.0009836943186634249,0
2024-01-27,1050,336.3958333333333,1344930.0,0.0007807097767170038,0
2024-01-28,4832,519.9895833333334,1344930.0,0.0035927520391395833,0
2024-01-29,964,403.4270833333333,1344930.0,0.0007167659283382778,0
2024-01-30,827,217.69791666666666,1344930.0,0.0006149018908047259,0
2024-01-31,754,203.52083333333334,1344930.0,0.000560623972994877,0
2024-02-01,669,170.95833333333334,1344930.0,0.0004974236577368338,0
2024-02-02,1377,375.21875,1344930.0,0.0010238451071802994,0
2024-02-03,17682,3853.0833333333335,1344930.0,0.013147152639914344,0
2024-02-04,5455,932.9895833333334,1344930.0,0.004055973173325005,0
2024-02-05,912,443.8333333333333,1344930.0,0.000678102206062769,0
2024-02-06,2702,276.9789473684211,1344930.0,0.00200902649208509,0
2024-02-07,1369,232.41666666666666,1344930.0,0.0010178968422148364,0
2024-02-08,684,129.19148936170214,1344930.0,0.0005085766545470768,0
2024-02-09,1965,246.36458333333334,1344930.0,0.0014610425821418216,0
2024-02-10,330,101.73958333333333,1344930.0,0.00024536592982534405,0
2024-02-11,2025,163.32291666666666,1344930.0,0.0015056545693827932,0
2024-02-12,1557,210.79166666666666,1344930.0,0.0011576810689032143,0
2024-02-13,575,203.07291666666666,1344930.0,0.000427531544392645,0
2024-02-14,731,185.875,1344930.0,0.0005435227112191713,0
2024-02-15,3256,357.0520833333333,1344930.0,0.002420943840943395,0
2024-02-16,642,262.6458333333333,1344930.0,0.00047734826347839665,0
2024-02-17,1916,298.7291666666667,1344930.0,0.0014246094592283614,0
2024-02-18,2270,186.3125,1344930.0,0.0016878201839500941,0
2024-02-19,1486,240.04166666666666,1344930.0,0.0011048902173347312,0
2024-02-20,1034,285.09375,1344930.0,0.000768813246786078,0
2024-02-21,5007,634.2291666666666,1344930.0,0.003722870335259084,0
2024-02-22,1163,162.47916666666666,1344930.0,0.0008647290193541671,0
2024-02-23,944,232.53125,1344930.0,0.0007018952659246207,0
2024-02-24,765,347.3125,1344930.0,0.0005688028373223885,0
2024-02-25,782,283.0344827586207,1344930.0,0.0005814429003739972,0
2024-02-26,476,267.6470588235294,1344930.0,0.00035392176544504176,0
2024-02-27,3676,540.7263157894737,1344930.0,0.0027332277516301964,0
2024-02-28,3515,766.5833333333334,1344930.0,0.002613518919200256,0
2024-02-29,825,252.5625,1344930.0,0.0006134148245633601,0
2024-03-01,1135,181.91666666666666,1344930.0,0.0008439100919750471,0
2024-03-02,3919,242.22916666666666,1344930.0,0.0029139062999561315,0
2024-03-03,443,113.10526315789474,1344930.0,0.00032938517246250735,0
2024-03-04,1309,157.33333333333334,1344930.0,0.0009732848549738649,0
2024-03-05,2466,307.15625,1344930.0,0.0018335526756039348,0
2024-03-06,813,249.76041666666666,1344930.0,0.0006044924271151658,0
2024-03-07,707,212.60416666666666,1344930.0,0.0005256779163227826,0
2024-03-08,1449,285.40625,1344930.0,0.0010773794918694654,0
2024-03-09,2343,536.1041666666666,1344930.0,0.001742098101759943,0
2024-03-10,3823,382.2916666666667,1344930.0,0.002842527120370577,0
2024-03-11,2661,198.48958333333334,1344930.0,0.0019785416341370926,0
2024-03-12,6545,442.6666666666667,1344930.0,0.004866424274869324,0
2024-03-13,1453,519.1354166666666,1344930.0,0.0010803536243521967,0
2024-03-14,1393,232.3125,1344930.0,0.001035741637111225,0
2024-03-15,9364,881.5416666666666,1344930.0,0.006962444142074309,0
2024-03-16,7059,1519.9791666666667,1344930.0,0.005248600298900314,0
2024-03-17,2721,383.1979166666667,1344930.0,0.002023153621378064,0
2024-03-18,2795,466.0104166666667,1344930.0,0.002078175072308596,0
2024-03-19,829,202.73958333333334,1344930.0,0.0006163889570460916,0
2024-03-20,1579,229.65591397849462,1344930.0,0.0011740387975582372,0
2024-03-21,3659,577.8854166666666,1344930.0,0.002720587688578588,0
2024-03-22,59075,14089.5,1344930.0,0.04392421910434,0
2024-03-23,3168,422.5729166666667,1344930.0,0.002355512926323303,0
2024-03-24,3238,460.6666666666667,1344930.0,0.002407560244771103,0
2024-03-25,456,261.0,1344930.0,0.0003390511030313845,0
2024-03-26,4410,270.3854166666667,1344930.0,0.0032789810622114164,0
2024-03-27,1774,373.15625,1344930.0,0.0013190277560913952,0
2024-03-28,7973,358.2903225806452,1344930.0,0.00592818957120445,0
2024-03-29,4607,309.9375,1344930.0,0.00342545708698594,0
2024-03-30,664,187.625,1344930.0,0.0004937059921334196,0
2024-03-31,1087,82.29166666666667,1344930.0,0.0008082205021822697,0
2024-04-01,1267,356.5208333333333,1344930.0,0.0009420564639051847,0
2024-04-02,1059,461.43617021276594,1344930.0,0.0007874015748031496,0
2024-04-03,568,272.8829787234043,1344930.0,0.0004223268125478649,0
2024-04-04,629,215.97916666666666,1344930.0,0.0004676823329095195,0
2024-04-05,3449,469.5208333333333,1344930.0,0.002564445733235187,0
2024-04-06,670,216.7173913043478,1344930.0,0.0004981671908575167,0
2024-04-07,248,67.34375,1344930.0,0.00018439621392934947,0
2024-04-08,470,282.65625,1344930.0,0.0003494605667209446,0
2024-04-09,7959,1254.7604166666667,1344930.0,0.0059177801075148894,0
2024-04-10,68913,16641.6875,1344930.0,0.05123909794561799,0
2024-04-11,4968,1141.75,1344930.0,0.0036938725435524526,0
2024-04-12,681,348.125,1344930.0,0.0005063460551850282,0
2024-04-13,566,196.60416666666666,1344930.0,0.00042083974630649924,0
2024-04-14,518,181.71875,1344930.0,0.0003851501565137219,0
2024-04-15,925,297.2708333333333,1344930.0,0.0006877681366316463,0
2024-04-16,1914,601.9270833333334,1344930.0,0.0014231223929869956,0
2024-04-17,3639,309.1684210526316,1344930.0,0.0027057170261649303,0
2024-04-18,980,274.125,1344930.0,0.0007286624582692037,0
2024-04-19,4809,621.75,1344930.0,0.003575650777363878,0
2024-04-20,4974,603.0416666666666,1344930.0,0.0036983337422765495,0
2024-04-21,10709,1819.28125,1344930.0,0.007962496189392756,0
2024-04-22,772,226.09375,1344930.0,0.0005740075691671686,0
2024-04-23,780,226.875,1344930.0,0.0005799558341326314,0
2024-04-24,3312,283.4,1344930.0,0.002462581695701635,0
2024-04-25,4478,478.21875,1344930.0,0.003329541314417851,0
2024-04-26,2694,410.9166666666667,1344930.0,0.002003078227119627,0
2024-04-27,4378,485.5416666666667,1344930.0,0.0032551880023495646,0
2024-04-28,6120,857.6875,1344930.0,0.004550422698579108,0
2024-04-29,6307,1841.4166666666667,1344930.0,0.004689463392146803,0
2024-04-30,3334,318.1666666666667,1344930.0,0.0024789394243566578,0
2024-05-01,1459,248.79166666666666,1344930.0,0.0010848148230762939,0
2024-05-02,62550,13293.5,1344930.0,0.046507996698712945,0
2024-05-03,17868,4950.333333333333,1344930.0,0.013285449800361357,0
2024-05-04,1973,539.1979166666666,1344930.0,0.0014669908471072843,0
2024-05-05,8551,2281.1354166666665,1344930.0,0.006357951714959143,0
2024-05-06,2562,917.3333333333334,1344930.0,0.0019049318551894894,0
2024-05-07,1500,378.9270833333333,1344930.0,0.0011152996810242911,0
2024-05-08,1774,319.1145833333333,1344930.0,0.0013190277560913952,0
2024-05-09,1236,396.0729166666667,1344930.0,0.000919006937164016,0
2024-05-10,3500,305.3854166666667,1344930.0,0.002602365922390013,0
2024-05-11,2693,270.968085106383,1344930.0,0.0020023346939989444,0
2024-05-12,6544,949.9375,1344930.0,0.0048656807417486415,0
2024-05-13,18387,2203.28125,1344930.0,0.013671343489995762,0
2024-05-14,4029,1317.3020833333333,1344930.0,0.0029956949432312463,0
2024-05-15,1873,851.6145833333334,1344930.0,0.0013926375350389983,0
2024-05-16,277975,4905.989583333333,1344930.0,0.20668361922181824,0
2024-05-17,502077,402488.78125,1344930.0,0.3733108786330887,0
2024-05-18,326958,277335.5054945055,1344930.0,0.2431041020722268,0
2024-05-19,229952,186492.81914893616,1344930.0,0.1709769281672652,0
2024-05-20,131115,131113.33333333334,1344930.0,0.09748834511833329,0
2024-05-21,131116,131113.1875,1344930.0,0.09748908865145398,0
2024-05-22,131113,99943.65625,1344930.0,0.09748685805209192,0
2024-05-23,39469,24464.563829787236,1344930.0,0.029346508740231834,0
2024-05-24,9011,3832.133333333333,1344930.0,0.006699976950473259,0
2024-05-25,2476,1162.4791666666667,1344930.0,0.0018409880068107633,0
2024-05-26,6737,1294.34375,1344930.0,0.005009182634040433,0
2024-05-27,1401,487.3125,1344930.0,0.001041689902076688,0
2024-05-28,251830,30310.291666666668,1344930.0,0.18724394578156484,0
2024-05-29,121080,37166.770833333336,1344930.0,0.0900269902522808,0
2024-05-30,13220,4934.40625,1344930.0,0.00982950785542742,0
2024-05-31,36261,8116.625,1344930.0,0.026961254489081217,0
2024-06-01,9878,1834.8541666666667,1344930.0,0.007344620166105299,0
2024-06-02,5357,966.0520833333334,1344930.0,0.003983106927498085,0
2024-06-03,5676,1368.1979166666667,1344930.0,0.004220293992995918,0
2024-06-04,5585,1037.6979166666667,1344930.0,0.004152632479013777,0
2024-06-05,16676,2453.5416666666665,1344930.0,0.012399158320507387,0
2024-06-06,6561,1235.65625,1344930.0,0.00487832080480025,0
2024-06-07,2490,560.0208333333334,1344930.0,0.0018513974705003234,0
2024-06-08,6118,919.40625,1344930.0,0.0045489356323377425,0
2024-06-09,3668,762.3958333333334,1344930.0,0.0027272794866647337,0
2024-06-10,2394,635.125,1344930.0,0.0017800182909147688,0
2024-06-11,6995,2293.9166666666665,1344930.0,0.005201014179176611,0
2024-06-12,4159,1114.46875,1344930.0,0.003092354248920018,0
2024-06-13,4729,1499.6875,1344930.0,0.0035161681277092486,0
2024-06-14,4727,869.3020833333334,1344930.0,0.0035146810614678833,0
2024-06-15,1363,514.46875,1344930.0,0.0010134356434907392,0
2024-06-16,1184,398.1354166666667,1344930.0,0.0008803432148885072,0
2024-06-17,5452,728.8854166666666,1344930.0,0.004053742573962957,0
2024-06-18,4833,1325.8125,1344930.0,0.0035934955722602665,0
2024-06-19,7404,1425.8333333333333,1344930.0,0.005505119225535902,0
2024-06-20,9558,1364.8229166666667,1344930.0,0.0071066895674867835,0
2024-06-21,7964,954.5,1344930.0,0.005921497773118303,0
2024-06-22,2151,526.46875,1344930.0,0.0015993397425888337,0
2024-06-23,11446,726.0416666666666,1344930.0,0.008510480099336025,0
2024-06-24,4824,491.5833333333333,1344930.0,0.0035868037741741206,0
2024-06-25,2379,444.03125,1344930.0,0.0017688652941045258,0
2024-06-26,336,70.20833333333333,1344930.0,0.0002498271285494412,0
2024-06-27,2,0.125,1344930.0,1.4870662413657217e-06,0
2024-06-28,0,0.0,1344930.0,0.0,0
2024-06-29,0,0.0,1344930.0,0.0,0
2024-06-30,0,0.0,1344930.0,0.0,0
2024-07-01,1,0.020833333333333332,1344930.0,7.435331206828608e-07,0
2024-07-02,0,0.0,1344930.0,0.0,0
2024-07-03,1,0.0625,1344930.0,7.435331206828608e-07,0
2024-07-04,0,0.0,1344930.0,0.0,0
2024-07-05,0,0.0,1344930.0,0.0,0
2024-07-06,101,18.989583333333332,1344930.0,7.509684518896894e-05,0
2024-07-07,92,12.479166666666666,1344930.0,6.84050471028232e-05,0
2024-07-08,1660703,530141.3958333334,1344930.0,0.9282103901318284,22
2024-07-09,1500111,1301929.78125,1344930.0,0.9949566148424082,59
2024-07-10,1100627,935539.1979166666,1344930.0,0.818352628017815,0
2024-07-11,945202,859877.4791666666,1344930.0,0.7027889927356814,0
2024-07-12,782590,722170.4270833334,1344930.0,0.5818815849152,0
2024-07-13,668566,570035.75,1344930.0,0.49710096436245754,0
2024-07-14,442510,392216.4895833333,1344930.0,0.3290208412333727,0
2024-07-15,283508,233018.42708333334,1344930.0,0.2107975879785565,0
2024-07-16,160600,115531.36458333333,1344930.0,0.11941141918166745,0
2024-07-17,62575,46759.71875,1344930.0,0.046526585026730016,0
2024-07-18,26695,18781.21875,1344930.0,0.01984861665662897,0
2024-07-19,6957,4040.741176470588,1344930.0,0.005172759920590663,0
2024-07-20,3958,1315.0625,1344930.0,0.002942904091662763,0
2024-07-21,3953,1068.1875,1344930.0,0.0029391864260593487,0
2024-07-22,9416,2137.84375,1344930.0,0.007001107864349818,0
2024-07-23,18223,5012.104166666667,1344930.0,0.013549404058203773,0
2024-07-24,8770,4616.53125,1344930.0,0.006520785468388689,0
2024-07-25,7675,3251.7916666666665,1344930.0,0.005706616701240957,0
2024-07-26,8311,1392.6666666666667,1344930.0,0.006179503765995256,0
2024-07-27,2570,627.5416666666666,1344930.0,0.0019108801201549524,0
2024-07-28,6158,1224.5208333333333,1344930.0,0.004578676957165057,0
2024-07-29,5285,1075.6354166666667,1344930.0,0.0039295725428089194,0
2024-07-30,5449,1877.9479166666667,1344930.0,0.0040515119746009085,0
2024-07-31,6825,1093.28125,1344930.0,0.005074613548660525,0
2024-08-01,1634,921.6979166666666,1344930.0,0.0012149331191957946,0
2024-08-02,2791,1127.5104166666667,1344930.0,0.0020752009398258644,0
2024-08-03,5533,1493.4791666666667,1344930.0,0.004113968756738269,0
2024-08-04,6537,1725.78125,1344930.0,0.0048604760099038614,0
2024-08-05,4411,1002.0625,1344930.0,0.003279724595332099,0
2024-08-06,7948,1913.375,1344930.0,0.005909601243187378,0
2024-08-07,5530,1491.7395833333333,1344930.0,0.00411173815737622,0
2024-08-08,4582,1433.5416666666667,1344930.0,0.003406868758968868,0
2024-08-09,3813,1614.84375,1344930.0,0.0028350917891637483,0
2024-08-10,2516,1019.34375,1344930.0,0.001870729331638078,0
2024-08-11,2317,765.7604166666666,1344930.0,0.0017227662406221885,0
2024-08-12,2515,976.3125,1344930.0,0.001869985798517395,0
2024-08-13,6222,2010.4166666666667,1344930.0,0.00462626307688876,0
2024-08-14,6555,1868.2916666666667,1344930.0,0.004873859606076152,0
2024-08-15,4390,1190.8958333333333,1344930.0,0.003264110399797759,0
2024-08-16,7230,1416.1145833333333,1344930.0,0.005375744462537083,0
2024-08-17,3275,1090.5,1344930.0,0.0024350709702363692,0
2024-08-18,4442,1324.5520833333333,1344930.0,0.003302774122073268,0
2024-08-19,3079,1299.2083333333333,1344930.0,0.0022893384785825283,0
2024-08-20,3645,1407.1770833333333,1344930.0,0.0027101782248890277,0
2024-08-21,12648,1478.7916666666667,1344930.0,0.009404206910396824,0
2024-08-22,3083,906.7395833333334,1344930.0,0.00229231261106526,0
2024-08-23,4601,854.96875,1344930.0,0.0034209958882618426,0
2024-08-24,2552,881.78125,1344930.0,0.001897496523982661,0
2024-08-25,2290,1066.1979166666667,1344930.0,0.0017026908463637512,0
2024-08-26,4391,989.53125,1344930.0,0.003264853932918442,0
2024-08-27,3144,931.2291666666666,1344930.0,0.0023376681314269143,0
2024-08-28,3870,598.1979166666666,1344930.0,0.0028774731770426715,0
2024-08-29,2022,650.0625,1344930.0,0.0015034239700207445,0
2024-08-30,3098,557.96875,1344930.0,0.0023034656078755027,0
2024-08-31,3720,484.0625,1344930.0,0.002765943208940242,0
2024-09-01,5521,441.71875,1344930.0,0.0041050463592900745,0
2024-09-02,3700,312.5,1344930.0,0.002751072546526585,0
2024-09-03,6282,398.875,1344930.0,0.004670875064129732,0
2024-09-04,2249,599.3958333333334,1344930.0,0.001672205988415754,0
2024-09-05,7602,946.4375,1344930.0,0.005652338783431108,0
2024-09-06,3347,831.4270833333334,1344930.0,0.002488605354925535,0
2024-09-07,6665,992.1041666666666,1344930.0,0.004955648249351267,0
2024-09-08,2973,491.5625,1344930.0,0.002210523967790145,0
2024-09-09,6793,576.71875,1344930.0,0.0050508204887986735,0
2024-09-10,3295,536.2395833333334,1344930.0,0.0024499416326500263,0
2024-09-11,1824,534.03125,1344930.0,0.001356204412125538,0
2024-09-12,2947,831.9895833333334,1344930.0,0.0021911921066523907,0
2024-09-13,5337,714.46875,1344930.0,0.003968236265084428,0
2024-09-14,2154,1035.125,1344930.0,0.0016015703419508822,0
2024-09-15,741,234.23958333333334,1344930.0,0.0005509580424259998,0
2024-09-16,4690,790.3020833333334,1344930.0,0.003487170336002617,0
2024-09-17,10130,1622.15625,1344930.0,0.00753199051251738,0
2024-09-18,3499,777.2604166666666,1344930.0,0.00260162238926933,0
2024-09-19,4079,839.8958333333334,1344930.0,0.0030328715992653894,0
2024-09-20,2344,616.03125,1344930.0,0.0017428416348806257,0
2024-09-21,2695,441.6979166666667,1344930.0,0.0020038217602403098,0
2024-09-22,1310,340.6145833333333,1344930.0,0.0009740283880945476,0
2024-09-23,1322,364.6875,1344930.0,0.000982950785542742,0
2024-09-24,1174,461.4479166666667,1344930.0,0.0008729078836816786,0
2024-09-25,4847,448.7708333333333,1344930.0,0.0036039050359498266,0
2024-09-26,2814,733.5833333333334,1344930.0,0.0020923022016015704,0
2024-09-27,3080,541.3541666666666,1344930.0,0.0022900820117032115,0
2024-09-28,2956,483.8541666666667,1344930.0,0.0021978839047385366,0
2024-09-29,2853,329.1875,1344930.0,0.002121299993308202,0
2024-09-30,5490,551.7291666666666,1344930.0,0.004081996832548906,0
2024-10-01,3356,616.3854166666666,1344930.0,0.002495297153011681,0
2024-10-02,0,0.0,1344930.0,0.0,0
2024-10-03,0,0.0,1344930.0,0.0,0
2024-10-04,2,0.2916666666666667,1344930.0,1.4870662413657217e-06,0
2024-10-05,0,0.0,1344930.0,0.0,0
2024-10-06,0,0.0,1344930.0,0.0,0
2024-10-07,1,0.16666666666666666,1344930.0,7.435331206828608e-07,0
2024-10-08,1286,123.17708333333333,1344930.0,0.000956183593198159,0
2024-10-09,3442,574.1875,1344930.0,0.0025592410013904067,0
2024-10-10,2820,441.5833333333333,1344930.0,0.0020967634003256673,0
2024-10-11,2219,444.2083333333333,1344930.0,0.001649899994795268,0
2024-10-12,2441,304.3020833333333,1344930.0,0.0018149643475868632,0
2024-10-13,4973,476.4479166666667,1344930.0,0.003697590209155867,0
2024-10-14,5915,526.65625,1344930.0,0.004397998408839122,0
2024-10-15,1861,797.2708333333334,1344930.0,0.001383715137590804,0
2024-10-16,8416,1497.3854166666667,1344930.0,0.006257574743666956,0
2024-10-17,7050,824.8736842105263,1344930.0,0.005241908500814169,0
2024-10-18,3013,684.2083333333334,1344930.0,0.0022402652926174597,0
2024-10-19,1954,404.6875,1344930.0,0.0014528637178143101,0
2024-10-20,5154,707.40625,1344930.0,0.0038321697039994645,0
2024-10-21,2143,341.7916666666667,1344930.0,0.0015933914776233707,0
2024-10-22,3408,841.9791666666666,1344930.0,0.0025339608752871895,0
2024-10-23,2797,705.0729166666666,1344930.0,0.002079662138549962,0
2024-10-24,2535,374.9166666666667,1344930.0,0.001884856460931052,0
2024-10-25,1694,503.7291666666667,1344930.0,0.0012595451064367662,0
2024-10-26,2537,482.90625,1344930.0,0.0018863435271724179,0
2024-10-27,469,76.48958333333333,1344930.0,0.00034871703360026175,0
2024-10-28,3306,557.1041666666666,1344930.0,0.002458120496977538,0
2024-10-29,3494,904.9270833333334,1344930.0,0.0025979047236659157,0
2024-10-30,7573,1408.1875,1344930.0,0.005630776322931305,0
2024-10-31,7362,846.3645833333334,1344930.0,0.005473890834467221,0
2024-11-01,930,224.23958333333334,1344930.0,0.0006914858022350605,0
2024-11-02,8029,904.2604166666666,1344930.0,0.005969827425962689,0
2024-11-03,4779,2039.40625,1344930.0,0.0035533447837433917,0
2024-11-04,5034,1452.09375,1344930.0,0.003742945729517521,0
2024-11-05,10035,1561.5416666666667,1344930.0,0.007461354866052508,0
2024-11-06,2482,746.0208333333334,1344930.0,0.0018454492055348605,0
2024-11-07,4254,513.7708333333334,1344930.0,0.00316298989538489,0
2024-11-08,1529,364.8541666666667,1344930.0,0.0011368621415240943,0
2024-11-09,3292,504.34375,1344930.0,0.002447711033287978,0
2024-11-10,1385,408.6041666666667,1344930.0,0.0010297933721457623,0
2024-11-11,3143,563.7708333333334,1344930.0,0.0023369245983062316,0
2024-11-12,2012,511.2395833333333,1344930.0,0.001495988638813916,0
2024-11-13,1960,538.0729166666666,1344930.0,0.0014573249165384073,0
2024-11-14,2080,407.1145833333333,1344930.0,0.0015465488910203504,0
2024-11-15,5005,658.15625,1344930.0,0.0037213832690177182,0
2024-11-16,1301,177.80208333333334,1344930.0,0.0009673365900084019,0
2024-11-17,6177,684.2604166666666,1344930.0,0.0045928040864580315,0
2024-11-18,8983,910.375,1344930.0,0.006679158023094139,0
2024-11-19,2835,868.8958333333334,1344930.0,0.0021079163971359106,0
2024-11-20,2109,752.2083333333334,1344930.0,0.0015681113515201536,0
2024-11-21,1887,423.375,1344930.0,0.0014030469987285584,0
2024-11-22,1523,455.71875,1344930.0,0.0011324009427999971,0
2024-11-23,3131,313.1458333333333,1344930.0,0.0023280022008580373,0
2024-11-24,1942,348.1979166666667,1344930.0,0.0014439413203661158,0
2024-11-25,1921,488.8854166666667,1344930.0,0.0014283271248317756,0
2024-11-26,1159,375.3333333333333,1344930.0,0.0008617548868714357,0
2024-11-27,6281,582.8229166666666,1344930.0,0.0046701315310090485,0
2024-11-28,1034,213.10416666666666,1344930.0,0.000768813246786078,0
2024-11-29,526,170.66666666666666,1344930.0,0.00039109842147918477,0
2024-11-30,1989,455.5833333333333,1344930.0,0.0014788873770382102,0
2024-12-01,2855,322.5729166666667,1344930.0,0.0021227870595495676,0
2024-12-02,2353,503.9791666666667,1344930.0,0.0017495334329667715,0
2024-12-03,1610,366.1979166666667,1344930.0,0.001197088324299406,0
2024-12-04,5117,791.1770833333334,1344930.0,0.003804658978534199,0
2024-12-05,1595,620.2083333333334,1344930.0,0.001185935327489163,0
2024-12-06,1331,480.03125,1344930.0,0.0009896425836288878,0
2024-12-07,1245,437.7083333333333,1344930.0,0.0009256987352501617,0
2024-12-08,666,335.7291666666667,1344930.0,0.0004951930583747853,0
2024-12-09,1771,495.7708333333333,1344930.0,0.0013167971567293465,0
2024-12-10,3138,611.2395833333334,1344930.0,0.0023332069327028173,0
2024-12-11,3223,862.125,1344930.0,0.0023964072479608603,0
2024-12-12,2626,564.4375,1344930.0,0.0019525179749131925,0
2024-12-13,3592,523.65625,1344930.0,0.002670770969492836,0
2024-12-14,1900,586.4791666666666,1344930.0,0.0014127129292974357,0
2024-12-15,2825,465.8333333333333,1344930.0,0.0021004810659290816,0
2024-12-16,1812,637.6770833333334,1344930.0,0.0013472820146773438,0
2024-12-17,1967,401.0104166666667,1344930.0,0.0014625296483831872,0
2024-12-18,5793,715.2916666666666,1344930.0,0.004307287368115813,0
2024-12-19,1958,348.3578947368421,1344930.0,0.0014558378502970415,0
2024-12-20,5201,540.3020833333334,1344930.0,0.003867115760671559,0
2024-12-21,1812,214.21875,1344930.0,0.0013472820146773438,0
2024-12-22,1875,686.8229166666666,1344930.0,0.001394124601280364,0
2024-12-23,1392,233.71875,1344930.0,0.0010349981039905422,0
2024-12-24,1279,171.41666666666666,1344930.0,0.000950978861353379,0
2024-12-25,13617,2985.7395833333335,1344930.0,0.010124690504338516,0
2024-12-26,2844,402.8020833333333,1344930.0,0.002114608195222056,0
2024-12-27,1356,506.90625,1344930.0,0.0010082309116459592,0
2024-12-28,17729,2460.1666666666665,1344930.0,0.01318209869658644,0
2024-12-29,6158,1333.5625,1344930.0,0.004578676957165057,0
2024-12-30,669,198.09375,1344930.0,0.0004974236577368338,0
2024-12-31,6978,271.8541666666667,1344930.0,0.005188374116125003,0
