date,storm_count,storm_types,storm_event
2024-01-08,3,Thunderstorm Wind,1
2024-01-24,2,Flood,1
2024-02-03,1,Thunderstorm Wind,1
2024-03-15,4,Hail | Thunderstorm Wind,1
2024-03-21,10,Hail,1
2024-04-10,5,Thunderstorm Wind | Tornado,1
2024-04-29,2,Flash Flood,1
2024-05-02,5,Flash Flood | Thunderstorm Wind,1
2024-05-03,1,Hail,1
2024-05-13,1,Hail,1
2024-05-16,21,Houston Derecho | Lightning | Thunderstorm Wind | Tornado,1
2024-05-28,14,Hail | Thunderstorm Wind,1
2024-05-29,1,Hail,1
2024-05-30,1,Thunderstorm Wind,1
2024-06-18,1,Coastal Flood,1
2024-07-08,1,Hurricane Beryl,1
2024-12-24,3,Funnel Cloud | Hail,1
2024-12-25,1,Hail,1
2024-12-26,3,Funnel Cloud | Tornado,1
2024-12-28,2,Funnel Cloud | Hail,1
