date,daily_peak_outage,daily_mean_outage,total_customers,daily_peak_outage_rate,invalid_rate_rows,storm_count,storm_types,storm_event,is_hurricane,is_derecho,is_tornado,is_thunderstorm_wind,is_flood,storm_recent_7d,storm_count_7d,is_hurricane_recent_7d,is_derecho_recent_7d,is_tornado_recent_7d,is_thunderstorm_wind_recent_7d,is_flood_recent_7d,month,day_of_year,day_of_week,outage_lag_1d,outage_mean_7d,outage_max_7d
2024-01-08,27089,3474.3229166666665,1344930.0,0.020141568706178,0,3,Thunderstorm Wind,1,0,0,0,1,0,1,3.0,0,0,0,1,0,1,8,0,297.0,2850.1428571428573,7262.0
2024-01-09,17640,3334.90625,1344930.0,0.0131159242488456,0,0,None,0,0,0,0,0,0,1,3.0,0,0,0,1,0,1,9,1,27089.0,6521.714285714285,27089.0
2024-01-10,2987,507.84375,1344930.0,0.0022209334314797,0,0,None,0,0,0,0,0,0,1,3.0,0,0,0,1,0,1,10,2,17640.0,8004.285714285715,27089.0
2024-01-11,3345,341.03125,1344930.0,0.0024871182886841,0,0,None,0,0,0,0,0,0,1,3.0,0,0,0,1,0,1,11,3,2987.0,8064.0,27089.0
2024-01-12,22064,1935.6979166666667,1344930.0,0.0164053147747466,0,0,None,0,0,0,0,0,0,1,3.0,0,0,0,1,0,1,12,4,3345.0,8115.571428571428,27089.0
2024-01-13,3343,209.23958333333331,1344930.0,0.0024856312224428,0,0,None,0,0,0,0,0,0,1,3.0,0,0,0,1,0,1,13,5,22064.0,10533.57142857143,27089.0
2024-01-14,2289,303.1354166666667,1344930.0,0.001701947313243,0,0,None,0,0,0,0,0,0,1,3.0,0,0,0,1,0,1,14,6,3343.0,10966.42857142857,27089.0
2024-01-15,2922,685.5208333333334,1344930.0,0.0021726037786353,0,0,None,0,0,0,0,0,0,0,0.0,0,0,0,0,0,1,15,0,2289.0,11251.0,27089.0
2024-01-16,9897,1388.3854166666667,1344930.0,0.0073587472953982,0,0,None,0,0,0,0,0,0,0,0.0,0,0,0,0,0,1,16,1,2922.0,7798.571428571428,22064.0
2024-01-17,3297,690.2916666666666,1344930.0,0.0024514286988913,0,0,None,0,0,0,0,0,0,0,0.0,0,0,0,0,0,1,17,2,9897.0,6692.428571428572,22064.0
2024-01-18,694,223.15625,1344930.0,0.0005160119857539,0,0,None,0,0,0,0,0,0,0,0.0,0,0,0,0,0,1,18,3,3297.0,6736.714285714285,22064.0
2024-01-19,647,196.58947368421053,1344930.0,0.0004810659290818,0,0,None,0,0,0,0,0,0,0,0.0,0,0,0,0,0,1,19,4,694.0,6358.0,22064.0
2024-01-20,752,194.40625,1344930.0,0.0005591369067535,0,0,None,0,0,0,0,0,0,0,0.0,0,0,0,0,0,1,20,5,647.0,3298.4285714285716,9897.0
2024-01-21,2055,156.59375,1344930.0,0.0015279605630032,0,0,None,0,0,0,0,0,0,0,0.0,0,0,0,0,0,1,21,6,752.0,2928.285714285714,9897.0
2024-01-22,6257,1083.15625,1344930.0,0.0046522867361126,0,0,None,0,0,0,0,0,0,0,0.0,0,0,0,0,0,1,22,0,2055.0,2894.8571428571427,9897.0
2024-01-23,4712,659.8421052631579,1344930.0,0.0035035280646576,0,0,None,0,0,0,0,0,0,0,0.0,0,0,0,0,0,1,23,1,6257.0,3371.285714285714,9897.0
2024-01-24,8817,1370.6979166666667,1344930.0,0.0065557315250607,0,2,Flood,1,0,0,0,0,1,1,2.0,0,0,0,0,1,1,24,2,4712.0,2630.5714285714284,6257.0
2024-01-25,2424,628.0104166666666,1344930.0,0.0018023242845352,0,0,None,0,0,0,0,0,0,1,2.0,0,0,0,0,1,1,25,3,8817.0,3419.1428571428573,8817.0
2024-01-26,1323,418.8229166666667,1344930.0,0.0009836943186634,0,0,None,0,0,0,0,0,0,1,2.0,0,0,0,0,1,1,26,4,2424.0,3666.285714285714,8817.0
2024-01-27,1050,336.3958333333333,1344930.0,0.000780709776717,0,0,None,0,0,0,0,0,0,1,2.0,0,0,0,0,1,1,27,5,1323.0,3762.8571428571427,8817.0
2024-01-28,4832,519.9895833333334,1344930.0,0.0035927520391395,0,0,None,0,0,0,0,0,0,1,2.0,0,0,0,0,1,1,28,6,1050.0,3805.4285714285716,8817.0
2024-01-29,964,403.4270833333333,1344930.0,0.0007167659283382,0,0,None,0,0,0,0,0,0,1,2.0,0,0,0,0,1,1,29,0,4832.0,4202.142857142857,8817.0
2024-01-30,827,217.69791666666663,1344930.0,0.0006149018908047,0,0,None,0,0,0,0,0,0,1,2.0,0,0,0,0,1,1,30,1,964.0,3446.0,8817.0
2024-01-31,754,203.52083333333331,1344930.0,0.0005606239729948,0,0,None,0,0,0,0,0,0,0,0.0,0,0,0,0,0,1,31,2,827.0,2891.0,8817.0
2024-02-01,669,170.95833333333334,1344930.0,0.0004974236577368,0,0,None,0,0,0,0,0,0,0,0.0,0,0,0,0,0,2,32,3,754.0,1739.142857142857,4832.0
2024-02-02,1377,375.21875,1344930.0,0.0010238451071802,0,0,None,0,0,0,0,0,0,0,0.0,0,0,0,0,0,2,33,4,669.0,1488.4285714285713,4832.0
2024-02-03,17682,3853.0833333333335,1344930.0,0.0131471526399143,0,1,Thunderstorm Wind,1,0,0,0,1,0,1,1.0,0,0,0,1,0,2,34,5,1377.0,1496.142857142857,4832.0
2024-02-04,5455,932.9895833333334,1344930.0,0.004055973173325,0,0,None,0,0,0,0,0,0,1,1.0,0,0,0,1,0,2,35,6,17682.0,3872.1428571428573,17682.0
2024-02-05,912,443.8333333333333,1344930.0,0.0006781022060627,0,0,None,0,0,0,0,0,0,1,1.0,0,0,0,1,0,2,36,0,5455.0,3961.1428571428573,17682.0
2024-02-06,2702,276.9789473684211,1344930.0,0.002009026492085,0,0,None,0,0,0,0,0,0,1,1.0,0,0,0,1,0,2,37,1,912.0,3953.714285714286,17682.0
2024-02-07,1369,232.41666666666663,1344930.0,0.0010178968422148,0,0,None,0,0,0,0,0,0,1,1.0,0,0,0,1,0,2,38,2,2702.0,4221.571428571428,17682.0
2024-02-08,684,129.19148936170214,1344930.0,0.000508576654547,0,0,None,0,0,0,0,0,0,1,1.0,0,0,0,1,0,2,39,3,1369.0,4309.428571428572,17682.0
2024-02-09,1965,246.36458333333331,1344930.0,0.0014610425821418,0,0,None,0,0,0,0,0,0,1,1.0,0,0,0,1,0,2,40,4,684.0,4311.571428571428,17682.0
2024-02-10,330,101.73958333333331,1344930.0,0.0002453659298253,0,0,None,0,0,0,0,0,0,0,0.0,0,0,0,0,0,2,41,5,1965.0,4395.571428571428,17682.0
2024-02-11,2025,163.32291666666666,1344930.0,0.0015056545693827,0,0,None,0,0,0,0,0,0,0,0.0,0,0,0,0,0,2,42,6,330.0,1916.7142857142858,5455.0
2024-02-12,1557,210.79166666666663,1344930.0,0.0011576810689032,0,0,None,0,0,0,0,0,0,0,0.0,0,0,0,0,0,2,43,0,2025.0,1426.7142857142858,2702.0
2024-02-13,575,203.07291666666663,1344930.0,0.0004275315443926,0,0,None,0,0,0,0,0,0,0,0.0,0,0,0,0,0,2,44,1,1557.0,1518.857142857143,2702.0
2024-02-14,731,185.875,1344930.0,0.0005435227112191,0,0,None,0,0,0,0,0,0,0,0.0,0,0,0,0,0,2,45,2,575.0,1215.0,2025.0
2024-02-15,3256,357.0520833333333,1344930.0,0.0024209438409433,0,0,None,0,0,0,0,0,0,0,0.0,0,0,0,0,0,2,46,3,731.0,1123.857142857143,2025.0
2024-02-16,642,262.6458333333333,1344930.0,0.0004773482634783,0,0,None,0,0,0,0,0,0,0,0.0,0,0,0,0,0,2,47,4,3256.0,1491.2857142857142,3256.0
2024-02-17,1916,298.7291666666667,1344930.0,0.0014246094592283,0,0,None,0,0,0,0,0,0,0,0.0,0,0,0,0,0,2,48,5,642.0,1302.2857142857142,3256.0
2024-02-18,2270,186.3125,1344930.0,0.00168782018395,0,0,None,0,0,0,0,0,0,0,0.0,0,0,0,0,0,2,49,6,1916.0,1528.857142857143,3256.0
2024-02-19,1486,240.04166666666663,1344930.0,0.0011048902173347,0,0,None,0,0,0,0,0,0,0,0.0,0,0,0,0,0,2,50,0,2270.0,1563.857142857143,3256.0
2024-02-20,1034,285.09375,1344930.0,0.000768813246786,0,0,None,0,0,0,0,0,0,0,0.0,0,0,0,0,0,2,51,1,1486.0,1553.7142857142858,3256.0
2024-02-21,5007,634.2291666666666,1344930.0,0.003722870335259,0,0,None,0,0,0,0,0,0,0,0.0,0,0,0,0,0,2,52,2,1034.0,1619.2857142857142,3256.0
2024-02-22,1163,162.47916666666666,1344930.0,0.0008647290193541,0,0,None,0,0,0,0,0,0,0,0.0,0,0,0,0,0,2,53,3,5007.0,2230.1428571428573,5007.0
2024-02-23,944,232.53125,1344930.0,0.0007018952659246,0,0,None,0,0,0,0,0,0,0,0.0,0,0,0,0,0,2,54,4,1163.0,1931.142857142857,5007.0
2024-02-24,765,347.3125,1344930.0,0.0005688028373223,0,0,None,0,0,0,0,0,0,0,0.0,0,0,0,0,0,2,55,5,944.0,1974.2857142857142,5007.0
2024-02-25,782,283.0344827586207,1344930.0,0.0005814429003739,0,0,None,0,0,0,0,0,0,0,0.0,0,0,0,0,0,2,56,6,765.0,1809.857142857143,5007.0
2024-02-26,476,267.6470588235294,1344930.0,0.000353921765445,0,0,None,0,0,0,0,0,0,0,0.0,0,0,0,0,0,2,57,0,782.0,1597.2857142857142,5007.0
2024-02-27,3676,540.7263157894737,1344930.0,0.0027332277516301,0,0,None,0,0,0,0,0,0,0,0.0,0,0,0,0,0,2,58,1,476.0,1453.0,5007.0
2024-02-28,3515,766.5833333333334,1344930.0,0.0026135189192002,0,0,None,0,0,0,0,0,0,0,0.0,0,0,0,0,0,2,59,2,3676.0,1830.4285714285713,5007.0
2024-02-29,825,252.5625,1344930.0,0.0006134148245633,0,0,None,0,0,0,0,0,0,0,0.0,0,0,0,0,0,2,60,3,3515.0,1617.2857142857142,3676.0
2024-03-01,1135,181.91666666666663,1344930.0,0.000843910091975,0,0,None,0,0,0,0,0,0,0,0.0,0,0,0,0,0,3,61,4,825.0,1569.0,3676.0
2024-03-02,3919,242.22916666666663,1344930.0,0.0029139062999561,0,0,None,0,0,0,0,0,0,0,0.0,0,0,0,0,0,3,62,5,1135.0,1596.2857142857142,3676.0
2024-03-03,443,113.10526315789474,1344930.0,0.0003293851724625,0,0,None,0,0,0,0,0,0,0,0.0,0,0,0,0,0,3,63,6,3919.0,2046.857142857143,3919.0
2024-03-04,1309,157.33333333333334,1344930.0,0.0009732848549738,0,0,None,0,0,0,0,0,0,0,0.0,0,0,0,0,0,3,64,0,443.0,1998.4285714285713,3919.0
2024-03-05,2466,307.15625,1344930.0,0.0018335526756039,0,0,None,0,0,0,0,0,0,0,0.0,0,0,0,0,0,3,65,1,1309.0,2117.4285714285716,3919.0
2024-03-06,813,249.76041666666663,1344930.0,0.0006044924271151,0,0,None,0,0,0,0,0,0,0,0.0,0,0,0,0,0,3,66,2,2466.0,1944.5714285714287,3919.0
2024-03-07,707,212.60416666666663,1344930.0,0.0005256779163227,0,0,None,0,0,0,0,0,0,0,0.0,0,0,0,0,0,3,67,3,813.0,1558.5714285714287,3919.0
2024-03-08,1449,285.40625,1344930.0,0.0010773794918694,0,0,None,0,0,0,0,0,0,0,0.0,0,0,0,0,0,3,68,4,707.0,1541.7142857142858,3919.0
2024-03-09,2343,536.1041666666666,1344930.0,0.0017420981017599,0,0,None,0,0,0,0,0,0,0,0.0,0,0,0,0,0,3,69,5,1449.0,1586.5714285714287,3919.0
2024-03-10,3823,382.2916666666667,1344930.0,0.0028425271203705,0,0,None,0,0,0,0,0,0,0,0.0,0,0,0,0,0,3,70,6,2343.0,1361.4285714285713,2466.0
2024-03-11,2661,198.48958333333331,1344930.0,0.001978541634137,0,0,None,0,0,0,0,0,0,0,0.0,0,0,0,0,0,3,71,0,3823.0,1844.2857142857142,3823.0
2024-03-12,6545,442.6666666666667,1344930.0,0.0048664242748693,0,0,None,0,0,0,0,0,0,0,0.0,0,0,0,0,0,3,72,1,2661.0,2037.4285714285713,3823.0
2024-03-13,1453,519.1354166666666,1344930.0,0.0010803536243521,0,0,None,0,0,0,0,0,0,0,0.0,0,0,0,0,0,3,73,2,6545.0,2620.1428571428573,6545.0
2024-03-14,1393,232.3125,1344930.0,0.0010357416371112,0,0,None,0,0,0,0,0,0,0,0.0,0,0,0,0,0,3,74,3,1453.0,2711.5714285714284,6545.0
2024-03-15,9364,881.5416666666666,1344930.0,0.0069624441420743,0,4,Hail | Thunderstorm Wind,1,0,0,0,1,0,1,4.0,0,0,0,1,0,3,75,4,1393.0,2809.5714285714284,6545.0
2024-03-16,7059,1519.9791666666667,1344930.0,0.0052486002989003,0,0,None,0,0,0,0,0,0,1,4.0,0,0,0,1,0,3,76,5,9364.0,3940.285714285714,9364.0
2024-03-17,2721,383.1979166666667,1344930.0,0.002023153621378,0,0,None,0,0,0,0,0,0,1,4.0,0,0,0,1,0,3,77,6,7059.0,4614.0,9364.0
2024-03-18,2795,466.0104166666667,1344930.0,0.0020781750723085,0,0,None,0,0,0,0,0,0,1,4.0,0,0,0,1,0,3,78,0,2721.0,4456.571428571428,9364.0
2024-03-19,829,202.73958333333331,1344930.0,0.000616388957046,0,0,None,0,0,0,0,0,0,1,4.0,0,0,0,1,0,3,79,1,2795.0,4475.714285714285,9364.0
2024-03-20,1579,229.65591397849465,1344930.0,0.0011740387975582,0,0,None,0,0,0,0,0,0,1,4.0,0,0,0,1,0,3,80,2,829.0,3659.1428571428573,9364.0
2024-03-21,3659,577.8854166666666,1344930.0,0.0027205876885785,0,10,Hail,1,0,0,0,0,0,1,14.0,0,0,0,1,0,3,81,3,1579.0,3677.1428571428573,9364.0
2024-03-22,59075,14089.5,1344930.0,0.04392421910434,0,0,None,0,0,0,0,0,0,1,10.0,0,0,0,0,0,3,82,4,3659.0,4000.8571428571427,9364.0
2024-03-23,3168,422.5729166666667,1344930.0,0.0023555129263233,0,0,None,0,0,0,0,0,0,1,10.0,0,0,0,0,0,3,83,5,59075.0,11102.42857142857,59075.0
2024-03-24,3238,460.6666666666667,1344930.0,0.0024075602447711,0,0,None,0,0,0,0,0,0,1,10.0,0,0,0,0,0,3,84,6,3168.0,10546.57142857143,59075.0
2024-03-25,456,261.0,1344930.0,0.0003390511030313,0,0,None,0,0,0,0,0,0,1,10.0,0,0,0,0,0,3,85,0,3238.0,10620.42857142857,59075.0
2024-03-26,4410,270.3854166666667,1344930.0,0.0032789810622114,0,0,None,0,0,0,0,0,0,1,10.0,0,0,0,0,0,3,86,1,456.0,10286.285714285714,59075.0
2024-03-27,1774,373.15625,1344930.0,0.0013190277560913,0,0,None,0,0,0,0,0,0,1,10.0,0,0,0,0,0,3,87,2,4410.0,10797.857142857143,59075.0
2024-03-28,7973,358.2903225806452,1344930.0,0.0059281895712044,0,0,None,0,0,0,0,0,0,0,0.0,0,0,0,0,0,3,88,3,1774.0,10825.714285714286,59075.0
2024-03-29,4607,309.9375,1344930.0,0.0034254570869859,0,0,None,0,0,0,0,0,0,0,0.0,0,0,0,0,0,3,89,4,7973.0,11442.0,59075.0
2024-03-30,664,187.625,1344930.0,0.0004937059921334,0,0,None,0,0,0,0,0,0,0,0.0,0,0,0,0,0,3,90,5,4607.0,3660.8571428571427,7973.0
2024-03-31,1087,82.29166666666667,1344930.0,0.0008082205021822,0,0,None,0,0,0,0,0,0,0,0.0,0,0,0,0,0,3,91,6,664.0,3303.1428571428573,7973.0
2024-04-01,1267,356.5208333333333,1344930.0,0.0009420564639051,0,0,None,0,0,0,0,0,0,0,0.0,0,0,0,0,0,4,92,0,1087.0,2995.8571428571427,7973.0
2024-04-02,1059,461.43617021276594,1344930.0,0.0007874015748031,0,0,None,0,0,0,0,0,0,0,0.0,0,0,0,0,0,4,93,1,1267.0,3111.714285714286,7973.0
2024-04-03,568,272.8829787234043,1344930.0,0.0004223268125478,0,0,None,0,0,0,0,0,0,0,0.0,0,0,0,0,0,4,94,2,1059.0,2633.0,7973.0
2024-04-04,629,215.97916666666663,1344930.0,0.0004676823329095,0,0,None,0,0,0,0,0,0,0,0.0,0,0,0,0,0,4,95,3,568.0,2460.714285714286,7973.0
2024-04-05,3449,469.5208333333333,1344930.0,0.0025644457332351,0,0,None,0,0,0,0,0,0,0,0.0,0,0,0,0,0,4,96,4,629.0,1411.5714285714287,4607.0
2024-04-06,670,216.7173913043478,1344930.0,0.0004981671908575,0,0,None,0,0,0,0,0,0,0,0.0,0,0,0,0,0,4,97,5,3449.0,1246.142857142857,3449.0
2024-04-07,248,67.34375,1344930.0,0.0001843962139293,0,0,None,0,0,0,0,0,0,0,0.0,0,0,0,0,0,4,98,6,670.0,1247.0,3449.0
2024-04-08,470,282.65625,1344930.0,0.0003494605667209,0,0,None,0,0,0,0,0,0,0,0.0,0,0,0,0,0,4,99,0,248.0,1127.142857142857,3449.0
2024-04-09,7959,1254.7604166666667,1344930.0,0.0059177801075148,0,0,None,0,0,0,0,0,0,0,0.0,0,0,0,0,0,4,100,1,470.0,1013.2857142857143,3449.0
2024-04-10,68913,16641.6875,1344930.0,0.0512390979456179,0,5,Thunderstorm Wind | Tornado,1,0,0,1,1,0,1,5.0,0,0,1,1,0,4,101,2,7959.0,1999.0,7959.0
2024-04-11,4968,1141.75,1344930.0,0.0036938725435524,0,0,None,0,0,0,0,0,0,1,5.0,0,0,1,1,0,4,102,3,68913.0,11762.57142857143,68913.0
2024-04-12,681,348.125,1344930.0,0.000506346055185,0,0,None,0,0,0,0,0,0,1,5.0,0,0,1,1,0,4,103,4,4968.0,12382.42857142857,68913.0
2024-04-13,566,196.60416666666663,1344930.0,0.0004208397463064,0,0,None,0,0,0,0,0,0,1,5.0,0,0,1,1,0,4,104,5,681.0,11987.0,68913.0
2024-04-14,518,181.71875,1344930.0,0.0003851501565137,0,0,None,0,0,0,0,0,0,1,5.0,0,0,1,1,0,4,105,6,566.0,11972.142857142857,68913.0
2024-04-15,925,297.2708333333333,1344930.0,0.0006877681366316,0,0,None,0,0,0,0,0,0,1,5.0,0,0,1,1,0,4,106,0,518.0,12010.714285714286,68913.0
2024-04-16,1914,601.9270833333334,1344930.0,0.0014231223929869,0,0,None,0,0,0,0,0,0,1,5.0,0,0,1,1,0,4,107,1,925.0,12075.714285714286,68913.0
2024-04-17,3639,309.1684210526316,1344930.0,0.0027057170261649,0,0,None,0,0,0,0,0,0,0,0.0,0,0,0,0,0,4,108,2,1914.0,11212.142857142857,68913.0
2024-04-18,980,274.125,1344930.0,0.0007286624582692,0,0,None,0,0,0,0,0,0,0,0.0,0,0,0,0,0,4,109,3,3639.0,1887.2857142857142,4968.0
2024-04-19,4809,621.75,1344930.0,0.0035756507773638,0,0,None,0,0,0,0,0,0,0,0.0,0,0,0,0,0,4,110,4,980.0,1317.5714285714287,3639.0
2024-04-20,4974,603.0416666666666,1344930.0,0.0036983337422765,0,0,None,0,0,0,0,0,0,0,0.0,0,0,0,0,0,4,111,5,4809.0,1907.2857142857142,4809.0
2024-04-21,10709,1819.28125,1344930.0,0.0079624961893927,0,0,None,0,0,0,0,0,0,0,0.0,0,0,0,0,0,4,112,6,4974.0,2537.0,4974.0
2024-04-22,772,226.09375,1344930.0,0.0005740075691671,0,0,None,0,0,0,0,0,0,0,0.0,0,0,0,0,0,4,113,0,10709.0,3992.8571428571427,10709.0
2024-04-23,780,226.875,1344930.0,0.0005799558341326,0,0,None,0,0,0,0,0,0,0,0.0,0,0,0,0,0,4,114,1,772.0,3971.0,10709.0
2024-04-24,3312,283.4,1344930.0,0.0024625816957016,0,0,None,0,0,0,0,0,0,0,0.0,0,0,0,0,0,4,115,2,780.0,3809.0,10709.0
2024-04-25,4478,478.21875,1344930.0,0.0033295413144178,0,0,None,0,0,0,0,0,0,0,0.0,0,0,0,0,0,4,116,3,3312.0,3762.285714285714,10709.0
2024-04-26,2694,410.9166666666667,1344930.0,0.0020030782271196,0,0,None,0,0,0,0,0,0,0,0.0,0,0,0,0,0,4,117,4,4478.0,4262.0,10709.0
2024-04-27,4378,485.5416666666667,1344930.0,0.0032551880023495,0,0,None,0,0,0,0,0,0,0,0.0,0,0,0,0,0,4,118,5,2694.0,3959.8571428571427,10709.0
2024-04-28,6120,857.6875,1344930.0,0.0045504226985791,0,0,None,0,0,0,0,0,0,0,0.0,0,0,0,0,0,4,119,6,4378.0,3874.714285714286,10709.0
2024-04-29,6307,1841.4166666666667,1344930.0,0.0046894633921468,0,2,Flash Flood,1,0,0,0,0,1,1,2.0,0,0,0,0,1,4,120,0,6120.0,3219.1428571428573,6120.0
2024-04-30,3334,318.1666666666667,1344930.0,0.0024789394243566,0,0,None,0,0,0,0,0,0,1,2.0,0,0,0,0,1,4,121,1,6307.0,4009.8571428571427,6307.0
2024-05-01,1459,248.79166666666663,1344930.0,0.0010848148230762,0,0,None,0,0,0,0,0,0,1,2.0,0,0,0,0,1,5,122,2,3334.0,4374.714285714285,6307.0
2024-05-02,62550,13293.5,1344930.0,0.0465079966987129,0,5,Flash Flood | Thunderstorm Wind,1,0,0,0,1,1,1,7.0,0,0,0,1,1,5,123,3,1459.0,4110.0,6307.0
2024-05-03,17868,4950.333333333333,1344930.0,0.0132854498003613,0,1,Hail,1,0,0,0,0,0,1,8.0,0,0,0,1,1,5,124,4,62550.0,12406.0,62550.0
2024-05-04,1973,539.1979166666666,1344930.0,0.0014669908471072,0,0,None,0,0,0,0,0,0,1,8.0,0,0,0,1,1,5,125,5,17868.0,14573.714285714286,62550.0
2024-05-05,8551,2281.1354166666665,1344930.0,0.0063579517149591,0,0,None,0,0,0,0,0,0,1,8.0,0,0,0,1,1,5,126,6,1973.0,14230.142857142857,62550.0
2024-05-06,2562,917.3333333333334,1344930.0,0.0019049318551894,0,0,None,0,0,0,0,0,0,1,6.0,0,0,0,1,1,5,127,0,8551.0,14577.42857142857,62550.0
2024-05-07,1500,378.9270833333333,1344930.0,0.0011152996810242,0,0,None,0,0,0,0,0,0,1,6.0,0,0,0,1,1,5,128,1,2562.0,14042.42857142857,62550.0
2024-05-08,1774,319.1145833333333,1344930.0,0.0013190277560913,0,0,None,0,0,0,0,0,0,1,6.0,0,0,0,1,1,5,129,2,1500.0,13780.42857142857,62550.0
2024-05-09,1236,396.0729166666667,1344930.0,0.000919006937164,0,0,None,0,0,0,0,0,0,1,1.0,0,0,0,0,0,5,130,3,1774.0,13825.42857142857,62550.0
2024-05-10,3500,305.3854166666667,1344930.0,0.00260236592239,0,0,None,0,0,0,0,0,0,0,0.0,0,0,0,0,0,5,131,4,1236.0,5066.285714285715,17868.0
2024-05-11,2693,270.968085106383,1344930.0,0.0020023346939989,0,0,None,0,0,0,0,0,0,0,0.0,0,0,0,0,0,5,132,5,3500.0,3013.714285714286,8551.0
2024-05-12,6544,949.9375,1344930.0,0.0048656807417486,0,0,None,0,0,0,0,0,0,0,0.0,0,0,0,0,0,5,133,6,2693.0,3116.5714285714284,8551.0
2024-05-13,18387,2203.28125,1344930.0,0.0136713434899957,0,1,Hail,1,0,0,0,0,0,1,1.0,0,0,0,0,0,5,134,0,6544.0,2829.8571428571427,6544.0
2024-05-14,4029,1317.3020833333333,1344930.0,0.0029956949432312,0,0,None,0,0,0,0,0,0,1,1.0,0,0,0,0,0,5,135,1,18387.0,5090.571428571428,18387.0
2024-05-15,1873,851.6145833333334,1344930.0,0.0013926375350389,0,0,None,0,0,0,0,0,0,1,1.0,0,0,0,0,0,5,136,2,4029.0,5451.857142857143,18387.0
2024-05-16,277975,4905.989583333333,1344930.0,0.2066836192218182,0,21,Houston Derecho | Lightning | Thunderstorm Wind | Tornado,1,0,1,1,1,0,1,22.0,0,1,1,1,0,5,137,3,1873.0,5466.0,18387.0
2024-05-17,502077,402488.78125,1344930.0,0.3733108786330887,0,0,None,0,0,0,0,0,0,1,22.0,0,1,1,1,0,5,138,4,277975.0,45000.142857142855,277975.0
2024-05-18,326958,277335.5054945055,1344930.0,0.2431041020722268,0,0,None,0,0,0,0,0,0,1,22.0,0,1,1,1,0,5,139,5,502077.0,116225.42857142857,502077.0
2024-05-19,229952,186492.81914893616,1344930.0,0.1709769281672652,0,0,None,0,0,0,0,0,0,1,22.0,0,1,1,1,0,5,140,6,326958.0,162549.0,502077.0
2024-05-20,131115,131113.33333333334,1344930.0,0.0974883451183332,0,0,None,0,0,0,0,0,0,1,21.0,0,1,1,1,0,5,141,0,229952.0,194464.42857142858,502077.0
2024-05-21,131116,131113.1875,1344930.0,0.0974890886514539,0,0,None,0,0,0,0,0,0,1,21.0,0,1,1,1,0,5,142,1,131115.0,210568.42857142858,502077.0
2024-05-22,131113,99943.65625,1344930.0,0.0974868580520919,0,0,None,0,0,0,0,0,0,1,21.0,0,1,1,1,0,5,143,2,131116.0,228723.7142857143,502077.0
2024-05-23,39469,24464.56382978724,1344930.0,0.0293465087402318,0,0,None,0,0,0,0,0,0,0,0.0,0,0,0,0,0,5,144,3,131113.0,247186.57142857142,502077.0
2024-05-24,9011,3832.133333333333,1344930.0,0.0066999769504732,0,0,None,0,0,0,0,0,0,0,0.0,0,0,0,0,0,5,145,4,39469.0,213114.2857142857,502077.0
2024-05-25,2476,1162.4791666666667,1344930.0,0.0018409880068107,0,0,None,0,0,0,0,0,0,0,0.0,0,0,0,0,0,5,146,5,9011.0,142676.2857142857,326958.0
2024-05-26,6737,1294.34375,1344930.0,0.0050091826340404,0,0,None,0,0,0,0,0,0,0,0.0,0,0,0,0,0,5,147,6,2476.0,96321.71428571429,229952.0
2024-05-27,1401,487.3125,1344930.0,0.0010416899020766,0,0,None,0,0,0,0,0,0,0,0.0,0,0,0,0,0,5,148,0,6737.0,64433.857142857145,131116.0
2024-05-28,251830,30310.291666666668,1344930.0,0.1872439457815648,0,14,Hail | Thunderstorm Wind,1,0,0,0,1,0,1,14.0,0,0,0,1,0,5,149,1,1401.0,45903.28571428572,131116.0
2024-05-29,121080,37166.770833333336,1344930.0,0.0900269902522808,0,1,Hail,1,0,0,0,0,0,1,15.0,0,0,0,1,0,5,150,2,251830.0,63148.142857142855,251830.0
2024-05-30,13220,4934.40625,1344930.0,0.0098295078554274,0,1,Thunderstorm Wind,1,0,0,0,1,0,1,16.0,0,0,0,1,0,5,151,3,121080.0,61714.857142857145,251830.0
2024-05-31,36261,8116.625,1344930.0,0.0269612544890812,0,0,None,0,0,0,0,0,0,1,16.0,0,0,0,1,0,5,152,4,13220.0,57965.0,251830.0
2024-06-01,9878,1834.8541666666667,1344930.0,0.0073446201661052,0,0,None,0,0,0,0,0,0,1,16.0,0,0,0,1,0,6,153,5,36261.0,61857.857142857145,251830.0
2024-06-02,5357,966.0520833333334,1344930.0,0.003983106927498,0,0,None,0,0,0,0,0,0,1,16.0,0,0,0,1,0,6,154,6,9878.0,62915.28571428572,251830.0
2024-06-03,5676,1368.1979166666667,1344930.0,0.0042202939929959,0,0,None,0,0,0,0,0,0,1,16.0,0,0,0,1,0,6,155,0,5357.0,62718.142857142855,251830.0
2024-06-04,5585,1037.6979166666667,1344930.0,0.0041526324790137,0,0,None,0,0,0,0,0,0,1,2.0,0,0,0,1,0,6,156,1,5676.0,63328.857142857145,251830.0
2024-06-05,16676,2453.5416666666665,1344930.0,0.0123991583205073,0,0,None,0,0,0,0,0,0,1,1.0,0,0,0,1,0,6,157,2,5585.0,28151.0,121080.0
2024-06-06,6561,1235.65625,1344930.0,0.0048783208048002,0,0,None,0,0,0,0,0,0,0,0.0,0,0,0,0,0,6,158,3,16676.0,13236.142857142857,36261.0
2024-06-07,2490,560.0208333333334,1344930.0,0.0018513974705003,0,0,None,0,0,0,0,0,0,0,0.0,0,0,0,0,0,6,159,4,6561.0,12284.857142857143,36261.0
2024-06-08,6118,919.40625,1344930.0,0.0045489356323377,0,0,None,0,0,0,0,0,0,0,0.0,0,0,0,0,0,6,160,5,2490.0,7460.428571428572,16676.0
2024-06-09,3668,762.3958333333334,1344930.0,0.0027272794866647,0,0,None,0,0,0,0,0,0,0,0.0,0,0,0,0,0,6,161,6,6118.0,6923.285714285715,16676.0
2024-06-10,2394,635.125,1344930.0,0.0017800182909147,0,0,None,0,0,0,0,0,0,0,0.0,0,0,0,0,0,6,162,0,3668.0,6682.0,16676.0
2024-06-11,6995,2293.9166666666665,1344930.0,0.0052010141791766,0,0,None,0,0,0,0,0,0,0,0.0,0,0,0,0,0,6,163,1,2394.0,6213.142857142857,16676.0
2024-06-12,4159,1114.46875,1344930.0,0.00309235424892,0,0,None,0,0,0,0,0,0,0,0.0,0,0,0,0,0,6,164,2,6995.0,6414.571428571428,16676.0
2024-06-13,4729,1499.6875,1344930.0,0.0035161681277092,0,0,None,0,0,0,0,0,0,0,0.0,0,0,0,0,0,6,165,3,4159.0,4626.428571428572,6995.0
2024-06-14,4727,869.3020833333334,1344930.0,0.0035146810614678,0,0,None,0,0,0,0,0,0,0,0.0,0,0,0,0,0,6,166,4,4729.0,4364.714285714285,6995.0
2024-06-15,1363,514.46875,1344930.0,0.0010134356434907,0,0,None,0,0,0,0,0,0,0,0.0,0,0,0,0,0,6,167,5,4727.0,4684.285714285715,6995.0
2024-06-16,1184,398.1354166666667,1344930.0,0.0008803432148885,0,0,None,0,0,0,0,0,0,0,0.0,0,0,0,0,0,6,168,6,1363.0,4005.0,6995.0
2024-06-17,5452,728.8854166666666,1344930.0,0.0040537425739629,0,0,None,0,0,0,0,0,0,0,0.0,0,0,0,0,0,6,169,0,1184.0,3650.1428571428573,6995.0
2024-06-18,4833,1325.8125,1344930.0,0.0035934955722602,0,1,Coastal Flood,1,0,0,0,0,1,1,1.0,0,0,0,0,1,6,170,1,5452.0,4087.0,6995.0
2024-06-19,7404,1425.8333333333333,1344930.0,0.0055051192255359,0,0,None,0,0,0,0,0,0,1,1.0,0,0,0,0,1,6,171,2,4833.0,3778.1428571428573,5452.0
2024-06-20,9558,1364.8229166666667,1344930.0,0.0071066895674867,0,0,None,0,0,0,0,0,0,1,1.0,0,0,0,0,1,6,172,3,7404.0,4241.714285714285,7404.0
2024-06-21,7964,954.5,1344930.0,0.0059214977731183,0,0,None,0,0,0,0,0,0,1,1.0,0,0,0,0,1,6,173,4,9558.0,4931.571428571428,9558.0
2024-06-22,2151,526.46875,1344930.0,0.0015993397425888,0,0,None,0,0,0,0,0,0,1,1.0,0,0,0,0,1,6,174,5,7964.0,5394.0,9558.0
2024-06-23,11446,726.0416666666666,1344930.0,0.008510480099336,0,0,None,0,0,0,0,0,0,1,1.0,0,0,0,0,1,6,175,6,2151.0,5506.571428571428,9558.0
2024-06-24,4824,491.5833333333333,1344930.0,0.0035868037741741,0,0,None,0,0,0,0,0,0,1,1.0,0,0,0,0,1,6,176,0,11446.0,6972.571428571428,11446.0
2024-06-25,2379,444.03125,1344930.0,0.0017688652941045,0,0,None,0,0,0,0,0,0,0,0.0,0,0,0,0,0,6,177,1,4824.0,6882.857142857143,11446.0
2024-06-26,336,70.20833333333333,1344930.0,0.0002498271285494,0,0,None,0,0,0,0,0,0,0,0.0,0,0,0,0,0,6,178,2,2379.0,6532.285714285715,11446.0
2024-06-27,2,0.125,1344930.0,1.4870662413657217e-06,0,0,None,0,0,0,0,0,0,0,0.0,0,0,0,0,0,6,179,3,336.0,5522.571428571428,11446.0
2024-06-28,0,0.0,1344930.0,0.0,0,0,None,0,0,0,0,0,0,0,0.0,0,0,0,0,0,6,180,4,2.0,4157.428571428572,11446.0
2024-06-29,0,0.0,1344930.0,0.0,0,0,None,0,0,0,0,0,0,0,0.0,0,0,0,0,0,6,181,5,0.0,3019.714285714286,11446.0
2024-06-30,0,0.0,1344930.0,0.0,0,0,None,0,0,0,0,0,0,0,0.0,0,0,0,0,0,6,182,6,0.0,2712.4285714285716,11446.0
2024-07-01,1,0.0208333333333333,1344930.0,7.435331206828608e-07,0,0,None,0,0,0,0,0,0,0,0.0,0,0,0,0,0,7,183,0,0.0,1077.2857142857142,4824.0
2024-07-02,0,0.0,1344930.0,0.0,0,0,None,0,0,0,0,0,0,0,0.0,0,0,0,0,0,7,184,1,1.0,388.2857142857143,2379.0
2024-07-03,1,0.0625,1344930.0,7.435331206828608e-07,0,0,None,0,0,0,0,0,0,0,0.0,0,0,0,0,0,7,185,2,0.0,48.42857142857143,336.0
2024-07-04,0,0.0,1344930.0,0.0,0,0,None,0,0,0,0,0,0,0,0.0,0,0,0,0,0,7,186,3,1.0,0.5714285714285714,2.0
2024-07-05,0,0.0,1344930.0,0.0,0,0,None,0,0,0,0,0,0,0,0.0,0,0,0,0,0,7,187,4,0.0,0.2857142857142857,1.0
2024-07-06,101,18.98958333333333,1344930.0,7.509684518896894e-05,0,0,None,0,0,0,0,0,0,0,0.0,0,0,0,0,0,7,188,5,0.0,0.2857142857142857,1.0
2024-07-07,92,12.479166666666666,1344930.0,6.84050471028232e-05,0,0,None,0,0,0,0,0,0,0,0.0,0,0,0,0,0,7,189,6,101.0,14.714285714285714,101.0
2024-07-08,1660703,530141.3958333334,1344930.0,0.9282103901318284,22,1,Hurricane Beryl,1,1,0,0,0,0,1,1.0,1,0,0,0,0,7,190,0,92.0,27.857142857142858,101.0
2024-07-09,1500111,1301929.78125,1344930.0,0.9949566148424082,59,0,None,0,0,0,0,0,0,1,1.0,1,0,0,0,0,7,191,1,1660703.0,237271.0,1660703.0
2024-07-10,1100627,935539.1979166666,1344930.0,0.818352628017815,0,0,None,0,0,0,0,0,0,1,1.0,1,0,0,0,0,7,192,2,1500111.0,451572.5714285714,1660703.0
2024-07-11,945202,859877.4791666666,1344930.0,0.7027889927356814,0,0,None,0,0,0,0,0,0,1,1.0,1,0,0,0,0,7,193,3,1100627.0,608804.8571428572,1660703.0
2024-07-12,782590,722170.4270833334,1344930.0,0.5818815849152,0,0,None,0,0,0,0,0,0,1,1.0,1,0,0,0,0,7,194,4,945202.0,743833.7142857143,1660703.0
2024-07-13,668566,570035.75,1344930.0,0.4971009643624575,0,0,None,0,0,0,0,0,0,1,1.0,1,0,0,0,0,7,195,5,782590.0,855632.2857142857,1660703.0
2024-07-14,442510,392216.4895833333,1344930.0,0.3290208412333727,0,0,None,0,0,0,0,0,0,1,1.0,1,0,0,0,0,7,196,6,668566.0,951127.2857142857,1660703.0
2024-07-15,283508,233018.4270833333,1344930.0,0.2107975879785565,0,0,None,0,0,0,0,0,0,0,0.0,0,0,0,0,0,7,197,0,442510.0,1014329.8571428572,1660703.0
2024-07-16,160600,115531.36458333331,1344930.0,0.1194114191816674,0,0,None,0,0,0,0,0,0,0,0.0,0,0,0,0,0,7,198,1,283508.0,817587.7142857143,1500111.0
2024-07-17,62575,46759.71875,1344930.0,0.04652658502673,0,0,None,0,0,0,0,0,0,0,0.0,0,0,0,0,0,7,199,2,160600.0,626229.0,1100627.0
2024-07-18,26695,18781.21875,1344930.0,0.0198486166566289,0,0,None,0,0,0,0,0,0,0,0.0,0,0,0,0,0,7,200,3,62575.0,477935.85714285716,945202.0
2024-07-19,6957,4040.741176470588,1344930.0,0.0051727599205906,0,0,None,0,0,0,0,0,0,0,0.0,0,0,0,0,0,7,201,4,26695.0,346720.5714285714,782590.0
2024-07-20,3958,1315.0625,1344930.0,0.0029429040916627,0,0,None,0,0,0,0,0,0,0,0.0,0,0,0,0,0,7,202,5,6957.0,235915.85714285713,668566.0
2024-07-21,3953,1068.1875,1344930.0,0.0029391864260593,0,0,None,0,0,0,0,0,0,0,0.0,0,0,0,0,0,7,203,6,3958.0,140971.85714285713,442510.0
2024-07-22,9416,2137.84375,1344930.0,0.0070011078643498,0,0,None,0,0,0,0,0,0,0,0.0,0,0,0,0,0,7,204,0,3953.0,78320.85714285714,283508.0
2024-07-23,18223,5012.104166666667,1344930.0,0.0135494040582037,0,0,None,0,0,0,0,0,0,0,0.0,0,0,0,0,0,7,205,1,9416.0,39164.857142857145,160600.0
2024-07-24,8770,4616.53125,1344930.0,0.0065207854683886,0,0,None,0,0,0,0,0,0,0,0.0,0,0,0,0,0,7,206,2,18223.0,18825.285714285714,62575.0
2024-07-25,7675,3251.7916666666665,1344930.0,0.0057066167012409,0,0,None,0,0,0,0,0,0,0,0.0,0,0,0,0,0,7,207,3,8770.0,11138.857142857143,26695.0
2024-07-26,8311,1392.6666666666667,1344930.0,0.0061795037659952,0,0,None,0,0,0,0,0,0,0,0.0,0,0,0,0,0,7,208,4,7675.0,8421.714285714286,18223.0
2024-07-27,2570,627.5416666666666,1344930.0,0.0019108801201549,0,0,None,0,0,0,0,0,0,0,0.0,0,0,0,0,0,7,209,5,8311.0,8615.142857142857,18223.0
2024-07-28,6158,1224.5208333333333,1344930.0,0.004578676957165,0,0,None,0,0,0,0,0,0,0,0.0,0,0,0,0,0,7,210,6,2570.0,8416.857142857143,18223.0
2024-07-29,5285,1075.6354166666667,1344930.0,0.0039295725428089,0,0,None,0,0,0,0,0,0,0,0.0,0,0,0,0,0,7,211,0,6158.0,8731.857142857143,18223.0
2024-07-30,5449,1877.9479166666667,1344930.0,0.0040515119746009,0,0,None,0,0,0,0,0,0,0,0.0,0,0,0,0,0,7,212,1,5285.0,8141.714285714285,18223.0
2024-07-31,6825,1093.28125,1344930.0,0.0050746135486605,0,0,None,0,0,0,0,0,0,0,0.0,0,0,0,0,0,7,213,2,5449.0,6316.857142857143,8770.0
2024-08-01,1634,921.6979166666666,1344930.0,0.0012149331191957,0,0,None,0,0,0,0,0,0,0,0.0,0,0,0,0,0,8,214,3,6825.0,6039.0,8311.0
2024-08-02,2791,1127.5104166666667,1344930.0,0.0020752009398258,0,0,None,0,0,0,0,0,0,0,0.0,0,0,0,0,0,8,215,4,1634.0,5176.0,8311.0
2024-08-03,5533,1493.4791666666667,1344930.0,0.0041139687567382,0,0,None,0,0,0,0,0,0,0,0.0,0,0,0,0,0,8,216,5,2791.0,4387.428571428572,6825.0
2024-08-04,6537,1725.78125,1344930.0,0.0048604760099038,0,0,None,0,0,0,0,0,0,0,0.0,0,0,0,0,0,8,217,6,5533.0,4810.714285714285,6825.0
2024-08-05,4411,1002.0625,1344930.0,0.003279724595332,0,0,None,0,0,0,0,0,0,0,0.0,0,0,0,0,0,8,218,0,6537.0,4864.857142857143,6825.0
2024-08-06,7948,1913.375,1344930.0,0.0059096012431873,0,0,None,0,0,0,0,0,0,0,0.0,0,0,0,0,0,8,219,1,4411.0,4740.0,6825.0
2024-08-07,5530,1491.7395833333333,1344930.0,0.0041117381573762,0,0,None,0,0,0,0,0,0,0,0.0,0,0,0,0,0,8,220,2,7948.0,5097.0,7948.0
2024-08-08,4582,1433.5416666666667,1344930.0,0.0034068687589688,0,0,None,0,0,0,0,0,0,0,0.0,0,0,0,0,0,8,221,3,5530.0,4912.0,7948.0
2024-08-09,3813,1614.84375,1344930.0,0.0028350917891637,0,0,None,0,0,0,0,0,0,0,0.0,0,0,0,0,0,8,222,4,4582.0,5333.142857142857,7948.0
2024-08-10,2516,1019.34375,1344930.0,0.001870729331638,0,0,None,0,0,0,0,0,0,0,0.0,0,0,0,0,0,8,223,5,3813.0,5479.142857142857,7948.0
2024-08-11,2317,765.7604166666666,1344930.0,0.0017227662406221,0,0,None,0,0,0,0,0,0,0,0.0,0,0,0,0,0,8,224,6,2516.0,5048.142857142857,7948.0
2024-08-12,2515,976.3125,1344930.0,0.0018699857985173,0,0,None,0,0,0,0,0,0,0,0.0,0,0,0,0,0,8,225,0,2317.0,4445.285714285715,7948.0
2024-08-13,6222,2010.4166666666667,1344930.0,0.0046262630768887,0,0,None,0,0,0,0,0,0,0,0.0,0,0,0,0,0,8,226,1,2515.0,4174.428571428572,7948.0
2024-08-14,6555,1868.2916666666667,1344930.0,0.0048738596060761,0,0,None,0,0,0,0,0,0,0,0.0,0,0,0,0,0,8,227,2,6222.0,3927.8571428571427,6222.0
2024-08-15,4390,1190.8958333333333,1344930.0,0.0032641103997977,0,0,None,0,0,0,0,0,0,0,0.0,0,0,0,0,0,8,228,3,6555.0,4074.285714285714,6555.0
2024-08-16,7230,1416.1145833333333,1344930.0,0.005375744462537,0,0,None,0,0,0,0,0,0,0,0.0,0,0,0,0,0,8,229,4,4390.0,4046.8571428571427,6555.0
2024-08-17,3275,1090.5,1344930.0,0.0024350709702363,0,0,None,0,0,0,0,0,0,0,0.0,0,0,0,0,0,8,230,5,7230.0,4535.0,7230.0
2024-08-18,4442,1324.5520833333333,1344930.0,0.0033027741220732,0,0,None,0,0,0,0,0,0,0,0.0,0,0,0,0,0,8,231,6,3275.0,4643.428571428572,7230.0
2024-08-19,3079,1299.2083333333333,1344930.0,0.0022893384785825,0,0,None,0,0,0,0,0,0,0,0.0,0,0,0,0,0,8,232,0,4442.0,4947.0,7230.0
2024-08-20,3645,1407.1770833333333,1344930.0,0.002710178224889,0,0,None,0,0,0,0,0,0,0,0.0,0,0,0,0,0,8,233,1,3079.0,5027.571428571428,7230.0
2024-08-21,12648,1478.7916666666667,1344930.0,0.0094042069103968,0,0,None,0,0,0,0,0,0,0,0.0,0,0,0,0,0,8,234,2,3645.0,4659.428571428572,7230.0
2024-08-22,3083,906.7395833333334,1344930.0,0.0022923126110652,0,0,None,0,0,0,0,0,0,0,0.0,0,0,0,0,0,8,235,3,12648.0,5529.857142857143,12648.0
2024-08-23,4601,854.96875,1344930.0,0.0034209958882618,0,0,None,0,0,0,0,0,0,0,0.0,0,0,0,0,0,8,236,4,3083.0,5343.142857142857,12648.0
2024-08-24,2552,881.78125,1344930.0,0.0018974965239826,0,0,None,0,0,0,0,0,0,0,0.0,0,0,0,0,0,8,237,5,4601.0,4967.571428571428,12648.0
2024-08-25,2290,1066.1979166666667,1344930.0,0.0017026908463637,0,0,None,0,0,0,0,0,0,0,0.0,0,0,0,0,0,8,238,6,2552.0,4864.285714285715,12648.0
2024-08-26,4391,989.53125,1344930.0,0.0032648539329184,0,0,None,0,0,0,0,0,0,0,0.0,0,0,0,0,0,8,239,0,2290.0,4556.857142857143,12648.0
2024-08-27,3144,931.2291666666666,1344930.0,0.0023376681314269,0,0,None,0,0,0,0,0,0,0,0.0,0,0,0,0,0,8,240,1,4391.0,4744.285714285715,12648.0
2024-08-28,3870,598.1979166666666,1344930.0,0.0028774731770426,0,0,None,0,0,0,0,0,0,0,0.0,0,0,0,0,0,8,241,2,3144.0,4672.714285714285,12648.0
2024-08-29,2022,650.0625,1344930.0,0.0015034239700207,0,0,None,0,0,0,0,0,0,0,0.0,0,0,0,0,0,8,242,3,3870.0,3418.714285714286,4601.0
2024-08-30,3098,557.96875,1344930.0,0.0023034656078755,0,0,None,0,0,0,0,0,0,0,0.0,0,0,0,0,0,8,243,4,2022.0,3267.1428571428573,4601.0
2024-08-31,3720,484.0625,1344930.0,0.0027659432089402,0,0,None,0,0,0,0,0,0,0,0.0,0,0,0,0,0,8,244,5,3098.0,3052.4285714285716,4391.0
2024-09-01,5521,441.71875,1344930.0,0.00410504635929,0,0,None,0,0,0,0,0,0,0,0.0,0,0,0,0,0,9,245,6,3720.0,3219.285714285714,4391.0
2024-09-02,3700,312.5,1344930.0,0.0027510725465265,0,0,None,0,0,0,0,0,0,0,0.0,0,0,0,0,0,9,246,0,5521.0,3680.8571428571427,5521.0
2024-09-03,6282,398.875,1344930.0,0.0046708750641297,0,0,None,0,0,0,0,0,0,0,0.0,0,0,0,0,0,9,247,1,3700.0,3582.1428571428573,5521.0
2024-09-04,2249,599.3958333333334,1344930.0,0.0016722059884157,0,0,None,0,0,0,0,0,0,0,0.0,0,0,0,0,0,9,248,2,6282.0,4030.4285714285716,6282.0
2024-09-05,7602,946.4375,1344930.0,0.0056523387834311,0,0,None,0,0,0,0,0,0,0,0.0,0,0,0,0,0,9,249,3,2249.0,3798.8571428571427,6282.0
2024-09-06,3347,831.4270833333334,1344930.0,0.0024886053549255,0,0,None,0,0,0,0,0,0,0,0.0,0,0,0,0,0,9,250,4,7602.0,4596.0,7602.0
2024-09-07,6665,992.1041666666666,1344930.0,0.0049556482493512,0,0,None,0,0,0,0,0,0,0,0.0,0,0,0,0,0,9,251,5,3347.0,4631.571428571428,7602.0
2024-09-08,2973,491.5625,1344930.0,0.0022105239677901,0,0,None,0,0,0,0,0,0,0,0.0,0,0,0,0,0,9,252,6,6665.0,5052.285714285715,7602.0
2024-09-09,6793,576.71875,1344930.0,0.0050508204887986,0,0,None,0,0,0,0,0,0,0,0.0,0,0,0,0,0,9,253,0,2973.0,4688.285714285715,7602.0
2024-09-10,3295,536.2395833333334,1344930.0,0.00244994163265,0,0,None,0,0,0,0,0,0,0,0.0,0,0,0,0,0,9,254,1,6793.0,5130.142857142857,7602.0
2024-09-11,1824,534.03125,1344930.0,0.0013562044121255,0,0,None,0,0,0,0,0,0,0,0.0,0,0,0,0,0,9,255,2,3295.0,4703.428571428572,7602.0
2024-09-12,2947,831.9895833333334,1344930.0,0.0021911921066523,0,0,None,0,0,0,0,0,0,0,0.0,0,0,0,0,0,9,256,3,1824.0,4642.714285714285,7602.0
2024-09-13,5337,714.46875,1344930.0,0.0039682362650844,0,0,None,0,0,0,0,0,0,0,0.0,0,0,0,0,0,9,257,4,2947.0,3977.714285714286,6793.0
2024-09-14,2154,1035.125,1344930.0,0.0016015703419508,0,0,None,0,0,0,0,0,0,0,0.0,0,0,0,0,0,9,258,5,5337.0,4262.0,6793.0
2024-09-15,741,234.23958333333331,1344930.0,0.0005509580424259,0,0,None,0,0,0,0,0,0,0,0.0,0,0,0,0,0,9,259,6,2154.0,3617.5714285714284,6793.0
2024-09-16,4690,790.3020833333334,1344930.0,0.0034871703360026,0,0,None,0,0,0,0,0,0,0,0.0,0,0,0,0,0,9,260,0,741.0,3298.714285714286,6793.0
2024-09-17,10130,1622.15625,1344930.0,0.0075319905125173,0,0,None,0,0,0,0,0,0,0,0.0,0,0,0,0,0,9,261,1,4690.0,2998.285714285714,5337.0
2024-09-18,3499,777.2604166666666,1344930.0,0.0026016223892693,0,0,None,0,0,0,0,0,0,0,0.0,0,0,0,0,0,9,262,2,10130.0,3974.714285714286,10130.0
2024-09-19,4079,839.8958333333334,1344930.0,0.0030328715992653,0,0,None,0,0,0,0,0,0,0,0.0,0,0,0,0,0,9,263,3,3499.0,4214.0,10130.0
2024-09-20,2344,616.03125,1344930.0,0.0017428416348806,0,0,None,0,0,0,0,0,0,0,0.0,0,0,0,0,0,9,264,4,4079.0,4375.714285714285,10130.0
2024-09-21,2695,441.6979166666667,1344930.0,0.0020038217602403,0,0,None,0,0,0,0,0,0,0,0.0,0,0,0,0,0,9,265,5,2344.0,3948.1428571428573,10130.0
2024-09-22,1310,340.6145833333333,1344930.0,0.0009740283880945,0,0,None,0,0,0,0,0,0,0,0.0,0,0,0,0,0,9,266,6,2695.0,4025.4285714285716,10130.0
2024-09-23,1322,364.6875,1344930.0,0.0009829507855427,0,0,None,0,0,0,0,0,0,0,0.0,0,0,0,0,0,9,267,0,1310.0,4106.714285714285,10130.0
2024-09-24,1174,461.4479166666667,1344930.0,0.0008729078836816,0,0,None,0,0,0,0,0,0,0,0.0,0,0,0,0,0,9,268,1,1322.0,3625.5714285714284,10130.0
2024-09-25,4847,448.7708333333333,1344930.0,0.0036039050359498,0,0,None,0,0,0,0,0,0,0,0.0,0,0,0,0,0,9,269,2,1174.0,2346.1428571428573,4079.0
2024-09-26,2814,733.5833333333334,1344930.0,0.0020923022016015,0,0,None,0,0,0,0,0,0,0,0.0,0,0,0,0,0,9,270,3,4847.0,2538.714285714286,4847.0
2024-09-27,3080,541.3541666666666,1344930.0,0.0022900820117032,0,0,None,0,0,0,0,0,0,0,0.0,0,0,0,0,0,9,271,4,2814.0,2358.0,4847.0
2024-09-28,2956,483.8541666666667,1344930.0,0.0021978839047385,0,0,None,0,0,0,0,0,0,0,0.0,0,0,0,0,0,9,272,5,3080.0,2463.1428571428573,4847.0
2024-09-29,2853,329.1875,1344930.0,0.0021212999933082,0,0,None,0,0,0,0,0,0,0,0.0,0,0,0,0,0,9,273,6,2956.0,2500.4285714285716,4847.0
2024-09-30,5490,551.7291666666666,1344930.0,0.0040819968325489,0,0,None,0,0,0,0,0,0,0,0.0,0,0,0,0,0,9,274,0,2853.0,2720.8571428571427,4847.0
2024-10-01,3356,616.3854166666666,1344930.0,0.0024952971530116,0,0,None,0,0,0,0,0,0,0,0.0,0,0,0,0,0,10,275,1,5490.0,3316.285714285714,5490.0
2024-10-02,0,0.0,1344930.0,0.0,0,0,None,0,0,0,0,0,0,0,0.0,0,0,0,0,0,10,276,2,3356.0,3628.0,5490.0
2024-10-03,0,0.0,1344930.0,0.0,0,0,None,0,0,0,0,0,0,0,0.0,0,0,0,0,0,10,277,3,0.0,2935.5714285714284,5490.0
2024-10-04,2,0.2916666666666667,1344930.0,1.4870662413657217e-06,0,0,None,0,0,0,0,0,0,0,0.0,0,0,0,0,0,10,278,4,0.0,2533.5714285714284,5490.0
2024-10-05,0,0.0,1344930.0,0.0,0,0,None,0,0,0,0,0,0,0,0.0,0,0,0,0,0,10,279,5,2.0,2093.8571428571427,5490.0
2024-10-06,0,0.0,1344930.0,0.0,0,0,None,0,0,0,0,0,0,0,0.0,0,0,0,0,0,10,280,6,0.0,1671.5714285714287,5490.0
2024-10-07,1,0.1666666666666666,1344930.0,7.435331206828608e-07,0,0,None,0,0,0,0,0,0,0,0.0,0,0,0,0,0,10,281,0,0.0,1264.0,5490.0
2024-10-08,1286,123.17708333333331,1344930.0,0.0009561835931981,0,0,None,0,0,0,0,0,0,0,0.0,0,0,0,0,0,10,282,1,1.0,479.85714285714283,3356.0
2024-10-09,3442,574.1875,1344930.0,0.0025592410013904,0,0,None,0,0,0,0,0,0,0,0.0,0,0,0,0,0,10,283,2,1286.0,184.14285714285714,1286.0
2024-10-10,2820,441.5833333333333,1344930.0,0.0020967634003256,0,0,None,0,0,0,0,0,0,0,0.0,0,0,0,0,0,10,284,3,3442.0,675.8571428571429,3442.0
2024-10-11,2219,444.2083333333333,1344930.0,0.0016498999947952,0,0,None,0,0,0,0,0,0,0,0.0,0,0,0,0,0,10,285,4,2820.0,1078.7142857142858,3442.0
2024-10-12,2441,304.3020833333333,1344930.0,0.0018149643475868,0,0,None,0,0,0,0,0,0,0,0.0,0,0,0,0,0,10,286,5,2219.0,1395.4285714285713,3442.0
2024-10-13,4973,476.4479166666667,1344930.0,0.0036975902091558,0,0,None,0,0,0,0,0,0,0,0.0,0,0,0,0,0,10,287,6,2441.0,1744.142857142857,3442.0
2024-10-14,5915,526.65625,1344930.0,0.0043979984088391,0,0,None,0,0,0,0,0,0,0,0.0,0,0,0,0,0,10,288,0,4973.0,2454.5714285714284,4973.0
2024-10-15,1861,797.2708333333334,1344930.0,0.0013837151375908,0,0,None,0,0,0,0,0,0,0,0.0,0,0,0,0,0,10,289,1,5915.0,3299.4285714285716,5915.0
2024-10-16,8416,1497.3854166666667,1344930.0,0.0062575747436669,0,0,None,0,0,0,0,0,0,0,0.0,0,0,0,0,0,10,290,2,1861.0,3381.5714285714284,5915.0
2024-10-17,7050,824.8736842105263,1344930.0,0.0052419085008141,0,0,None,0,0,0,0,0,0,0,0.0,0,0,0,0,0,10,291,3,8416.0,4092.1428571428573,8416.0
2024-10-18,3013,684.2083333333334,1344930.0,0.0022402652926174,0,0,None,0,0,0,0,0,0,0,0.0,0,0,0,0,0,10,292,4,7050.0,4696.428571428572,8416.0
2024-10-19,1954,404.6875,1344930.0,0.0014528637178143,0,0,None,0,0,0,0,0,0,0,0.0,0,0,0,0,0,10,293,5,3013.0,4809.857142857143,8416.0
2024-10-20,5154,707.40625,1344930.0,0.0038321697039994,0,0,None,0,0,0,0,0,0,0,0.0,0,0,0,0,0,10,294,6,1954.0,4740.285714285715,8416.0
2024-10-21,2143,341.7916666666667,1344930.0,0.0015933914776233,0,0,None,0,0,0,0,0,0,0,0.0,0,0,0,0,0,10,295,0,5154.0,4766.142857142857,8416.0
2024-10-22,3408,841.9791666666666,1344930.0,0.0025339608752871,0,0,None,0,0,0,0,0,0,0,0.0,0,0,0,0,0,10,296,1,2143.0,4227.285714285715,8416.0
2024-10-23,2797,705.0729166666666,1344930.0,0.0020796621385499,0,0,None,0,0,0,0,0,0,0,0.0,0,0,0,0,0,10,297,2,3408.0,4448.285714285715,8416.0
2024-10-24,2535,374.9166666666667,1344930.0,0.001884856460931,0,0,None,0,0,0,0,0,0,0,0.0,0,0,0,0,0,10,298,3,2797.0,3645.5714285714284,7050.0
2024-10-25,1694,503.7291666666667,1344930.0,0.0012595451064367,0,0,None,0,0,0,0,0,0,0,0.0,0,0,0,0,0,10,299,4,2535.0,3000.5714285714284,5154.0
2024-10-26,2537,482.90625,1344930.0,0.0018863435271724,0,0,None,0,0,0,0,0,0,0,0.0,0,0,0,0,0,10,300,5,1694.0,2812.1428571428573,5154.0
2024-10-27,469,76.48958333333333,1344930.0,0.0003487170336002,0,0,None,0,0,0,0,0,0,0,0.0,0,0,0,0,0,10,301,6,2537.0,2895.4285714285716,5154.0
2024-10-28,3306,557.1041666666666,1344930.0,0.0024581204969775,0,0,None,0,0,0,0,0,0,0,0.0,0,0,0,0,0,10,302,0,469.0,2226.1428571428573,3408.0
2024-10-29,3494,904.9270833333334,1344930.0,0.0025979047236659,0,0,None,0,0,0,0,0,0,0,0.0,0,0,0,0,0,10,303,1,3306.0,2392.285714285714,3408.0
2024-10-30,7573,1408.1875,1344930.0,0.0056307763229313,0,0,None,0,0,0,0,0,0,0,0.0,0,0,0,0,0,10,304,2,3494.0,2404.5714285714284,3494.0
2024-10-31,7362,846.3645833333334,1344930.0,0.0054738908344672,0,0,None,0,0,0,0,0,0,0,0.0,0,0,0,0,0,10,305,3,7573.0,3086.8571428571427,7573.0
2024-11-01,930,224.23958333333331,1344930.0,0.000691485802235,0,0,None,0,0,0,0,0,0,0,0.0,0,0,0,0,0,11,306,4,7362.0,3776.4285714285716,7573.0
2024-11-02,8029,904.2604166666666,1344930.0,0.0059698274259626,0,0,None,0,0,0,0,0,0,0,0.0,0,0,0,0,0,11,307,5,930.0,3667.285714285714,7573.0
2024-11-03,4779,2039.40625,1344930.0,0.0035533447837433,0,0,None,0,0,0,0,0,0,0,0.0,0,0,0,0,0,11,308,6,8029.0,4451.857142857143,8029.0
2024-11-04,5034,1452.09375,1344930.0,0.0037429457295175,0,0,None,0,0,0,0,0,0,0,0.0,0,0,0,0,0,11,309,0,4779.0,5067.571428571428,8029.0
2024-11-05,10035,1561.5416666666667,1344930.0,0.0074613548660525,0,0,None,0,0,0,0,0,0,0,0.0,0,0,0,0,0,11,310,1,5034.0,5314.428571428572,8029.0
2024-11-06,2482,746.0208333333334,1344930.0,0.0018454492055348,0,0,None,0,0,0,0,0,0,0,0.0,0,0,0,0,0,11,311,2,10035.0,6248.857142857143,10035.0
2024-11-07,4254,513.7708333333334,1344930.0,0.0031629898953848,0,0,None,0,0,0,0,0,0,0,0.0,0,0,0,0,0,11,312,3,2482.0,5521.571428571428,10035.0
2024-11-08,1529,364.8541666666667,1344930.0,0.001136862141524,0,0,None,0,0,0,0,0,0,0,0.0,0,0,0,0,0,11,313,4,4254.0,5077.571428571428,10035.0
2024-11-09,3292,504.34375,1344930.0,0.0024477110332879,0,0,None,0,0,0,0,0,0,0,0.0,0,0,0,0,0,11,314,5,1529.0,5163.142857142857,10035.0
2024-11-10,1385,408.6041666666667,1344930.0,0.0010297933721457,0,0,None,0,0,0,0,0,0,0,0.0,0,0,0,0,0,11,315,6,3292.0,4486.428571428572,10035.0
2024-11-11,3143,563.7708333333334,1344930.0,0.0023369245983062,0,0,None,0,0,0,0,0,0,0,0.0,0,0,0,0,0,11,316,0,1385.0,4001.5714285714284,10035.0
2024-11-12,2012,511.2395833333333,1344930.0,0.0014959886388139,0,0,None,0,0,0,0,0,0,0,0.0,0,0,0,0,0,11,317,1,3143.0,3731.4285714285716,10035.0
2024-11-13,1960,538.0729166666666,1344930.0,0.0014573249165384,0,0,None,0,0,0,0,0,0,0,0.0,0,0,0,0,0,11,318,2,2012.0,2585.285714285714,4254.0
2024-11-14,2080,407.1145833333333,1344930.0,0.0015465488910203,0,0,None,0,0,0,0,0,0,0,0.0,0,0,0,0,0,11,319,3,1960.0,2510.714285714286,4254.0
2024-11-15,5005,658.15625,1344930.0,0.0037213832690177,0,0,None,0,0,0,0,0,0,0,0.0,0,0,0,0,0,11,320,4,2080.0,2200.1428571428573,3292.0
2024-11-16,1301,177.80208333333334,1344930.0,0.0009673365900084,0,0,None,0,0,0,0,0,0,0,0.0,0,0,0,0,0,11,321,5,5005.0,2696.714285714286,5005.0
2024-11-17,6177,684.2604166666666,1344930.0,0.004592804086458,0,0,None,0,0,0,0,0,0,0,0.0,0,0,0,0,0,11,322,6,1301.0,2412.285714285714,5005.0
2024-11-18,8983,910.375,1344930.0,0.0066791580230941,0,0,None,0,0,0,0,0,0,0,0.0,0,0,0,0,0,11,323,0,6177.0,3096.8571428571427,6177.0
2024-11-19,2835,868.8958333333334,1344930.0,0.0021079163971359,0,0,None,0,0,0,0,0,0,0,0.0,0,0,0,0,0,11,324,1,8983.0,3931.1428571428573,8983.0
2024-11-20,2109,752.2083333333334,1344930.0,0.0015681113515201,0,0,None,0,0,0,0,0,0,0,0.0,0,0,0,0,0,11,325,2,2835.0,4048.714285714286,8983.0
2024-11-21,1887,423.375,1344930.0,0.0014030469987285,0,0,None,0,0,0,0,0,0,0,0.0,0,0,0,0,0,11,326,3,2109.0,4070.0,8983.0
2024-11-22,1523,455.71875,1344930.0,0.0011324009427999,0,0,None,0,0,0,0,0,0,0,0.0,0,0,0,0,0,11,327,4,1887.0,4042.4285714285716,8983.0
2024-11-23,3131,313.1458333333333,1344930.0,0.002328002200858,0,0,None,0,0,0,0,0,0,0,0.0,0,0,0,0,0,11,328,5,1523.0,3545.0,8983.0
2024-11-24,1942,348.1979166666667,1344930.0,0.0014439413203661,0,0,None,0,0,0,0,0,0,0,0.0,0,0,0,0,0,11,329,6,3131.0,3806.4285714285716,8983.0
2024-11-25,1921,488.8854166666667,1344930.0,0.0014283271248317,0,0,None,0,0,0,0,0,0,0,0.0,0,0,0,0,0,11,330,0,1942.0,3201.4285714285716,8983.0
2024-11-26,1159,375.3333333333333,1344930.0,0.0008617548868714,0,0,None,0,0,0,0,0,0,0,0.0,0,0,0,0,0,11,331,1,1921.0,2192.5714285714284,3131.0
2024-11-27,6281,582.8229166666666,1344930.0,0.004670131531009,0,0,None,0,0,0,0,0,0,0,0.0,0,0,0,0,0,11,332,2,1159.0,1953.142857142857,3131.0
2024-11-28,1034,213.10416666666663,1344930.0,0.000768813246786,0,0,None,0,0,0,0,0,0,0,0.0,0,0,0,0,0,11,333,3,6281.0,2549.1428571428573,6281.0
2024-11-29,526,170.66666666666666,1344930.0,0.0003910984214791,0,0,None,0,0,0,0,0,0,0,0.0,0,0,0,0,0,11,334,4,1034.0,2427.285714285714,6281.0
2024-11-30,1989,455.5833333333333,1344930.0,0.0014788873770382,0,0,None,0,0,0,0,0,0,0,0.0,0,0,0,0,0,11,335,5,526.0,2284.8571428571427,6281.0
2024-12-01,2855,322.5729166666667,1344930.0,0.0021227870595495,0,0,None,0,0,0,0,0,0,0,0.0,0,0,0,0,0,12,336,6,1989.0,2121.714285714286,6281.0
2024-12-02,2353,503.9791666666667,1344930.0,0.0017495334329667,0,0,None,0,0,0,0,0,0,0,0.0,0,0,0,0,0,12,337,0,2855.0,2252.1428571428573,6281.0
2024-12-03,1610,366.1979166666667,1344930.0,0.0011970883242994,0,0,None,0,0,0,0,0,0,0,0.0,0,0,0,0,0,12,338,1,2353.0,2313.8571428571427,6281.0
2024-12-04,5117,791.1770833333334,1344930.0,0.0038046589785341,0,0,None,0,0,0,0,0,0,0,0.0,0,0,0,0,0,12,339,2,1610.0,2378.285714285714,6281.0
2024-12-05,1595,620.2083333333334,1344930.0,0.0011859353274891,0,0,None,0,0,0,0,0,0,0,0.0,0,0,0,0,0,12,340,3,5117.0,2212.0,5117.0
2024-12-06,1331,480.03125,1344930.0,0.0009896425836288,0,0,None,0,0,0,0,0,0,0,0.0,0,0,0,0,0,12,341,4,1595.0,2292.1428571428573,5117.0
2024-12-07,1245,437.7083333333333,1344930.0,0.0009256987352501,0,0,None,0,0,0,0,0,0,0,0.0,0,0,0,0,0,12,342,5,1331.0,2407.1428571428573,5117.0
2024-12-08,666,335.7291666666667,1344930.0,0.0004951930583747,0,0,None,0,0,0,0,0,0,0,0.0,0,0,0,0,0,12,343,6,1245.0,2300.8571428571427,5117.0
2024-12-09,1771,495.7708333333333,1344930.0,0.0013167971567293,0,0,None,0,0,0,0,0,0,0,0.0,0,0,0,0,0,12,344,0,666.0,1988.142857142857,5117.0
2024-12-10,3138,611.2395833333334,1344930.0,0.0023332069327028,0,0,None,0,0,0,0,0,0,0,0.0,0,0,0,0,0,12,345,1,1771.0,1905.0,5117.0
2024-12-11,3223,862.125,1344930.0,0.0023964072479608,0,0,None,0,0,0,0,0,0,0,0.0,0,0,0,0,0,12,346,2,3138.0,2123.285714285714,5117.0
2024-12-12,2626,564.4375,1344930.0,0.0019525179749131,0,0,None,0,0,0,0,0,0,0,0.0,0,0,0,0,0,12,347,3,3223.0,1852.7142857142858,3223.0
2024-12-13,3592,523.65625,1344930.0,0.0026707709694928,0,0,None,0,0,0,0,0,0,0,0.0,0,0,0,0,0,12,348,4,2626.0,2000.0,3223.0
2024-12-14,1900,586.4791666666666,1344930.0,0.0014127129292974,0,0,None,0,0,0,0,0,0,0,0.0,0,0,0,0,0,12,349,5,3592.0,2323.0,3592.0
2024-12-15,2825,465.8333333333333,1344930.0,0.002100481065929,0,0,None,0,0,0,0,0,0,0,0.0,0,0,0,0,0,12,350,6,1900.0,2416.5714285714284,3592.0
2024-12-16,1812,637.6770833333334,1344930.0,0.0013472820146773,0,0,None,0,0,0,0,0,0,0,0.0,0,0,0,0,0,12,351,0,2825.0,2725.0,3592.0
2024-12-17,1967,401.0104166666667,1344930.0,0.0014625296483831,0,0,None,0,0,0,0,0,0,0,0.0,0,0,0,0,0,12,352,1,1812.0,2730.8571428571427,3592.0
2024-12-18,5793,715.2916666666666,1344930.0,0.0043072873681158,0,0,None,0,0,0,0,0,0,0,0.0,0,0,0,0,0,12,353,2,1967.0,2563.5714285714284,3592.0
2024-12-19,1958,348.3578947368421,1344930.0,0.001455837850297,0,0,None,0,0,0,0,0,0,0,0.0,0,0,0,0,0,12,354,3,5793.0,2930.714285714286,5793.0
2024-12-20,5201,540.3020833333334,1344930.0,0.0038671157606715,0,0,None,0,0,0,0,0,0,0,0.0,0,0,0,0,0,12,355,4,1958.0,2835.285714285714,5793.0
2024-12-21,1812,214.21875,1344930.0,0.0013472820146773,0,0,None,0,0,0,0,0,0,0,0.0,0,0,0,0,0,12,356,5,5201.0,3065.1428571428573,5793.0
2024-12-22,1875,686.8229166666666,1344930.0,0.0013941246012803,0,0,None,0,0,0,0,0,0,0,0.0,0,0,0,0,0,12,357,6,1812.0,3052.5714285714284,5793.0
2024-12-23,1392,233.71875,1344930.0,0.0010349981039905,0,0,None,0,0,0,0,0,0,0,0.0,0,0,0,0,0,12,358,0,1875.0,2916.8571428571427,5793.0
2024-12-24,1279,171.41666666666666,1344930.0,0.0009509788613533,0,3,Funnel Cloud | Hail,1,0,0,0,0,0,1,3.0,0,0,0,0,0,12,359,1,1392.0,2856.8571428571427,5793.0
2024-12-25,13617,2985.739583333333,1344930.0,0.0101246905043385,0,1,Hail,1,0,0,0,0,0,1,4.0,0,0,0,0,0,12,360,2,1279.0,2758.5714285714284,5793.0
2024-12-26,2844,402.8020833333333,1344930.0,0.002114608195222,0,3,Funnel Cloud | Tornado,1,0,0,1,0,0,1,7.0,0,0,1,0,0,12,361,3,13617.0,3876.285714285714,13617.0
2024-12-27,1356,506.90625,1344930.0,0.0010082309116459,0,0,None,0,0,0,0,0,0,1,7.0,0,0,1,0,0,12,362,4,2844.0,4002.8571428571427,13617.0
2024-12-28,17729,2460.1666666666665,1344930.0,0.0131820986965864,0,2,Funnel Cloud | Hail,1,0,0,0,0,0,1,9.0,0,0,1,0,0,12,363,5,1356.0,3453.5714285714284,13617.0
2024-12-29,6158,1333.5625,1344930.0,0.004578676957165,0,0,None,0,0,0,0,0,0,1,9.0,0,0,1,0,0,12,364,6,17729.0,5727.428571428572,17729.0
2024-12-30,669,198.09375,1344930.0,0.0004974236577368,0,0,None,0,0,0,0,0,0,1,9.0,0,0,1,0,0,12,365,0,6158.0,6339.285714285715,17729.0
2024-12-31,6978,271.8541666666667,1344930.0,0.005188374116125,0,0,None,0,0,0,0,0,0,1,6.0,0,0,1,0,0,12,366,1,669.0,6236.0,17729.0
